HIERARCHY
ROOT Hips
{
	OFFSET 0 0 0
	CHANNELS 6 Xposition Yposition Zposition Zrotation Yrotation Xrotation
	JOINT LeftUpLeg
	{
		OFFSET 0.10346 1.857831 10.548498
		CHANNELS 3 Zrotation Yrotation Xrotation
		JOINT LeftLeg
		{
			OFFSET 43.5 -0.000031 0
			CHANNELS 3 Zrotation Yrotation Xrotation
			JOINT LeftFoot
			{
				OFFSET 42.372196 0.000008 0
				CHANNELS 3 Zrotation Yrotation Xrotation
				JOINT LeftToe
				{
					OFFSET 17.30001 0.0000029999999 -0.00001
					CHANNELS 3 Zrotation Yrotation Xrotation
					End Site
					{
						OFFSET 5 0 0
					}
				}
			}
		}
	}
	JOINT RightUpLeg
	{
		OFFSET 0.103463 1.8578211 -10.548506
		CHANNELS 3 Zrotation Yrotation Xrotation
		JOINT RightLeg
		{
			OFFSET 43.50005 -0.000011 0
			CHANNELS 3 Zrotation Yrotation Xrotation
			JOINT RightFoot
			{
				OFFSET 42.37226 -0.000011 0.0000150000005
				CHANNELS 3 Zrotation Yrotation Xrotation
				JOINT RightToe
				{
					OFFSET 17.299988 -0.0000059999998 0.000025
					CHANNELS 3 Zrotation Yrotation Xrotation
					End Site
					{
						OFFSET 5 0 0
					}
				}
			}
		}
	}
	JOINT Spine
	{
		OFFSET 6.90197 -2.603732 0.0000069999996
		CHANNELS 3 Zrotation Yrotation Xrotation
		JOINT Spine1
		{
			OFFSET 12.588098 0.000005 -0.0000029999999
			CHANNELS 3 Zrotation Yrotation Xrotation
			JOINT Spine2
			{
				OFFSET 12.3432045 0.0000059999998 -0.000005
				CHANNELS 3 Zrotation Yrotation Xrotation
				JOINT Neck
				{
					OFFSET 25.832901 -0.000013000001 -0.000001
					CHANNELS 3 Zrotation Yrotation Xrotation
					JOINT Head
					{
						OFFSET 11.7666025 0.000002 0.000011
						CHANNELS 3 Zrotation Yrotation Xrotation
						End Site
						{
							OFFSET 10 0 0
						}
					}
				}
				JOINT LeftShoulder
				{
					OFFSET 19.745907 -1.48037 6.000105
					CHANNELS 3 Zrotation Yrotation Xrotation
					JOINT LeftArm
					{
						OFFSET 11.284136 -0.000008 -0.00002
						CHANNELS 3 Zrotation Yrotation Xrotation
						JOINT LeftForeArm
						{
							OFFSET 33.00004 0.000008 0.000025
							CHANNELS 3 Zrotation Yrotation Xrotation
							JOINT LeftHand
							{
								OFFSET 25.200008 0.000023 0.000004
								CHANNELS 3 Zrotation Yrotation Xrotation
								End Site
								{
									OFFSET 8 0 0
								}
							}
						}
					}
				}
				JOINT RightShoulder
				{
					OFFSET 19.74609 -1.480387 -6.00007
					CHANNELS 3 Zrotation Yrotation Xrotation
					JOINT RightArm
					{
						OFFSET 11.284136 -0.00002 -0.000019
						CHANNELS 3 Zrotation Yrotation Xrotation
						JOINT RightForeArm
						{
							OFFSET 33.0001 0.000021 0.000016
							CHANNELS 3 Zrotation Yrotation Xrotation
							JOINT RightHand
							{
								OFFSET 25.199778 0.000132 0.000425
								CHANNELS 3 Zrotation Yrotation Xrotation
								End Site
								{
									OFFSET 8 0 0
								}
							}
						}
					}
				}
			}
		}
	}
}
MOTION
Frames: 281
Frame Time: 0.016666668
146.21701 91.991005 169.71501 91.7267 0.0231 -1.4661 177.0844 -0.1358 164.8472 -11.8057995 1.4218 -9.7081995 78.9255 5.5983 -4.5004 21.4546 0.0030999999 -0 172.4231 -0.7662 173.5034 -17.691399 -5.0257 3.648 80.0465 -0.80539995 6.8494997 21.4546 -0.0030999999 -0 6.2999997 0.6155 -0.666 2.58 1.2454 -1.3185999 2.2619998 1.2375 -1.3261 -7.4354 -9.0255995 0.3365 0.6303 6.2500997 -5.483 -162.6501 -74.1174 -19.1824 -26.337 56.8984 14.356299 -26.4986 -7.8106 0.70089996 12.774099 -5.6619997 31.850698 -163.1133 73.9085 18.702 -7.9343996 -55.2199 -33.6182 -31.254398 13.8303995 -1.2056999 10.154099 3.2368 -11.3196
146.16501 91.97401 169.774 91.634094 0.0023999999 -1.7569 177.14369 -0.2561 164.0244 -12.0615 1.3467 -9.3855 79.142494 5.4168 -4.3563 21.4546 0.0030999999 0 172.46089 -0.7829 173.55269 -17.7721 -5.1017 3.4578 80.0792 -0.6723 6.8489 21.4546 -0.0030999999 -0 6.3343997 0.593 -0.6433 2.6494 1.2002 -1.2732999 2.3314 1.1926 -1.2804999 -7.4083996 -8.8916 0.4253 0.72279996 6.2165 -5.3203998 -162.5206 -74.2262 -19.314299 -26.4821 56.751797 14.484799 -26.488499 -7.7770996 0.6985 12.8825 -5.4329 32.0336 -163.3012 74.055595 18.5079 -7.5408998 -55.443398 -33.7826 -31.64 13.914 -1.2189 10.0827 3.4206 -11.3642
146.09901 91.961006 169.837 91.5561 -0.0106 -2.0916 177.2854 -0.297 163.6301 -12.1327 1.2674999 -9.346 79.2651 5.4108 -4.2866 21.4546 0.0030999999 -0 172.5025 -0.7836 173.6234 -17.817999 -5.1789 3.2273998 80.1094 -0.5141 6.8355 21.4546 -0.0030999999 -0 6.3605 0.5731 -0.6096 2.7022 1.16 -1.2061 2.3841 1.1528 -1.2131 -7.3648996 -8.846499 0.55079997 0.798 6.1919 -5.1686997 -162.4218 -74.2233 -19.415699 -26.4917 56.503998 14.7332 -26.5717 -7.7667 0.6992 12.932699 -5.3336997 32.2304 -163.5921 74.2396 18.208 -7.1942 -55.5995 -34.0742 -32.0032 13.9661 -1.2298 10.0239 3.4417999 -11.4196
146.022 91.953 169.899 91.4993 -0.0189 -2.4318 177.47389 -0.2608 163.6037 -12.0527 1.2177 -9.5335 79.3017 5.5406 -4.2918997 21.4546 0.0030999999 -0 172.5437 -0.77449995 173.6785 -17.8339 -5.243 3.0010998 80.135895 -0.3604 6.8162 21.4546 -0.0030999999 -0 6.3773 0.5566 -0.5726 2.7361999 1.1262 -1.1322 2.4180999 1.1194999 -1.1388999 -7.3075 -8.873 0.6982 0.85109997 6.1633 -5.0309 -162.3702 -74.1409 -19.4695 -26.4019 56.1928 15.068399 -26.704199 -7.7742 0.7019 12.912 -5.3726997 32.4273 -163.9344 74.4263 17.8554 -6.9312997 -55.6842 -34.4181 -32.308 13.995299 -1.2379999 9.9818 3.3439 -11.4836
145.93901 91.948006 169.95201 91.47 -0.0255 -2.7393 177.6756 -0.1515 163.883 -11.8557 1.2315999 -9.8907995 79.2603 5.766 -4.3732 21.4546 0.0030999999 0 172.58049 -0.76129997 173.6814 -17.8249 -5.2798 2.8225 80.157295 -0.24039999 6.7977 21.4546 -0.0030999999 -0 6.3837 0.5439 -0.5397 2.7496 1.1001999 -1.0666 2.4315 1.0939 -1.0732 -7.239 -8.9535 0.8524 0.87759995 6.1176 -4.9096 -162.37979 -74.0113 -19.4609 -26.248 55.856197 15.457399 -26.841799 -7.7942996 0.7055 12.808499 -5.5573 32.611 -164.27159 74.582 17.5086 -6.7890997 -55.6947 -34.738598 -32.519 14.010099 -1.2434 9.960899 3.1708 -11.553599
145.856 91.94701 169.994 91.4674 -0.0334 -2.9829 177.86209 0.0045 164.351 -11.596 1.3141999 -10.3286 79.1645 6.0309 -4.5099 21.4546 0.0030999999 0 172.6154 -0.7509 173.6091 -17.7938 -5.2816997 2.7238998 80.1716 -0.1752 6.7858 21.4546 -0.0030999999 -0 6.3812 0.5349 -0.51629996 2.7447999 1.0817 -1.0201 2.4266999 1.0756 -1.0266 -7.1677 -9.061299 0.9992 0.8882 6.0439 -4.8024 -162.4495 -73.874695 -19.3906 -26.0747 55.5345 15.857599 -26.946999 -7.8206 0.7089 12.633699 -5.8644 32.774498 -164.5499 74.684395 17.222599 -6.7819 -55.6424 -34.9652 -32.6137 14.016399 -1.2458999 9.9616995 2.9761999 -11.6214
145.778 91.950005 170.01901 91.4817 -0.046 -3.1411998 178.01059 0.1546 164.8254 -11.3501 1.4322 -10.721399 79.0581 6.2616997 -4.6542997 21.4546 0.0030999999 -0 172.6595 -0.75 173.458 -17.7405 -5.2502 2.721 80.1762 -0.17449999 6.7848997 21.4546 -0.0030999999 -0 6.3736997 0.52849996 -0.505 2.73 1.0684999 -0.9977 2.4119 1.0625 -1.0042 -7.1081996 -9.1591 1.1261 0.91239995 5.9344 -4.7005 -162.5611 -73.7792 -19.2769 -25.9363 55.269398 16.215 -26.9919 -7.8448997 0.71129996 12.429299 -6.2318 32.918 -164.726 74.727295 17.041899 -6.8935 -55.556 -35.037098 -32.587498 14.0174 -1.2452999 9.980599 2.8235998 -11.6712
145.707 91.955 170.02701 91.5051 -0.063599996 -3.2052999 178.1062 0.26369998 165.1879 -11.170899 1.5511999 -10.9899 78.9751 6.4135 -4.7717 21.4546 0.0030999999 -0 172.72049 -0.7593 173.2571 -17.661499 -5.1947 2.8025 80.1682 -0.2303 6.7946 21.4546 -0.0030999999 -0 6.3644 0.5233 -0.5063 2.7115 1.0581 -1.0005 2.3934 1.0521 -1.0069 -7.0699997 -9.224199 1.2308999 0.96699995 5.796 -4.5964 -162.69449 -73.7486 -19.140299 -25.8655 55.0771 16.496 -26.9721 -7.8578997 0.7118 12.24 -6.5913997 33.044598 -164.7985 74.725 16.967499 -7.0864 -55.4656 -34.941498 -32.4613 14.0153 -1.2423999 10.011499 2.7451 -11.692599
145.647 91.963005 170.022 91.5327 -0.0844 -3.1776 178.14189 0.3134 165.37779 -11.088699 1.6432999 -11.0963 78.938194 6.4669 -4.841 21.4546 0.0030999999 0 172.8017 -0.7744 173.0589 -17.550999 -5.1302 2.937 80.145294 -0.3209 6.8111 21.4546 -0.0030999999 -0 6.3554997 0.5183 -0.5187 2.6936 1.0483 -1.0256 2.3755 1.0422 -1.0318999 -7.0579996 -9.246799 1.3194 1.0568 5.6457996 -4.4845 -162.83 -73.7857 -19.0008 -25.8776 54.9529 16.684 -26.9005 -7.8507 0.7101 12.1082 -6.8768997 33.1566 -164.79689 74.7043 16.9693 -7.3114996 -55.3976 -34.704998 -32.2753 14.0124 -1.2384 10.047999 2.7449 -11.682099
145.59601 91.97401 170.00801 91.564896 -0.107999995 -3.0748 178.1166 0.3074 165.3799 -11.106 1.7083 -11.044 78.9514 6.4242997 -4.8624 21.4546 0.0030999999 -0 172.89949 -0.7891 172.91539 -17.404999 -5.0685 3.0837998 80.105896 -0.4181 6.8318996 21.4546 -0.0030999999 -0 6.3473 0.5136 -0.5376 2.677 1.0390999 -1.0634 2.3588998 1.0328 -1.0697 -7.0724998 -9.226399 1.3981999 1.1716 5.4976997 -4.3624997 -162.9592 -73.8759 -18.867199 -25.973299 54.881 16.7826 -26.7981 -7.8234 0.7066 12.0531 -7.0505 33.2392 -164.7443 74.6809 17.0234 -7.5292997 -55.349697 -34.3909 -32.0793 14.0113 -1.2343 10.0862 2.7993999 -11.6489
145.55101 91.98801 169.99 91.6044 -0.13419999 -2.9206998 178.0374 0.2604 165.2036 -11.2044 1.7603999 -10.855599 79.006294 6.2987 -4.8457 21.4546 0.0030999999 -0 173.0069 -0.7971 172.8678 -17.221899 -5.0165997 3.2043 80.0496 -0.49539998 6.8536 21.4546 -0.0030999999 -0 6.3391 0.5096 -0.5568 2.6605 1.0316 -1.1021 2.3423998 1.025 -1.1083 -7.112 -9.1711 1.4738 1.295 5.3641 -4.2318997 -163.078 -73.9953 -18.744299 -26.143599 54.841 16.8053 -26.6894 -7.7813997 0.7021 12.079499 -7.0976996 33.2742 -164.6658 74.6662 17.103899 -7.7064996 -55.307297 -34.0747 -31.9231 14.014299 -1.2312 10.123099 2.8732 -11.6075
145.51001 92.005005 169.97601 91.6538 -0.1634 -2.7417 177.9307 0.19559999 164.8792 -11.330999 1.8203 -10.564 79.0796 6.1082 -4.8048 21.4546 0.0030999999 0 173.11699 -0.79289997 172.91649 -17.0051 -4.9691997 3.2812 79.978294 -0.5426 6.8691998 21.4546 -0.0030999999 -0 6.3299 0.50769997 -0.57129997 2.6418998 1.0279 -1.1310999 2.3239 1.0212 -1.1373 -7.1741996 -9.1059 1.5519999 1.411 5.2569 -4.1026998 -163.1821 -74.1105 -18.6364 -26.363699 54.814198 16.7706 -26.5998 -7.7365 0.69769996 12.1741 -7.0442 33.2562 -164.60759 74.673195 17.163599 -7.8178997 -55.2561 -33.820198 -31.839998 14.0213995 -1.23 10.152699 2.9301999 -11.571799
145.46701 92.024 169.96701 91.7136 -0.19399999 -2.5612 177.825 0.1358 164.4559 -11.431399 1.9021 -10.2116995 79.145996 5.878 -4.7528996 21.4546 0.0030999999 0 173.2254 -0.7721 173.041 -16.7608 -4.9175 3.3119 79.8955 -0.5596 6.8733997 21.4546 -0.0030999999 -0 6.3188 0.50839996 -0.5772 2.6197999 1.0289999 -1.143 2.3016999 1.0222 -1.1492 -7.2542996 -9.0543995 1.6359999 1.5058 5.1823 -3.985 -163.27069 -74.1943 -18.5448 -26.604399 54.7894 16.695 -26.549398 -7.7025 0.6946 12.3083 -6.9296 33.1932 -164.5977 74.7083 17.1736 -7.856 -55.184498 -33.6675 -31.844099 14.031699 -1.2307 10.1704 2.9469 -11.5547
145.421 92.045006 169.96501 91.780396 -0.2215 -2.3934 177.7444 0.0997 164.01219 -11.4662 2.0033 -9.8558 79.1851 5.6443 -4.7002997 21.4546 0.0030999999 -0 173.3327 -0.7316 173.19609 -16.498499 -4.8521 3.3135 79.8062 -0.5588 6.8664 21.4546 -0.0030999999 -0 6.3059998 0.5105 -0.5733 2.5941 1.0328 -1.1352999 2.276 1.0260999 -1.1415 -7.3415 -9.0281 1.7231 1.5704 5.1351 -3.8851 -163.3501 -74.2359 -18.463 -26.8357 54.7691 16.5881 -26.5462 -7.6931 0.6939 12.4316 -6.803 33.1144 -164.61789 74.7625 17.1525 -7.8455 -55.086597 -33.614098 -31.9168 14.0441 -1.2329999 10.1761 2.9264998 -11.5679
145.37001 92.068 169.96901 91.8484 -0.2428 -2.2433 177.7036 0.0951 163.6337 -11.4203 2.1109 -9.5504 79.1875 5.4424996 -4.6561 21.4546 0.0030999999 -0 173.4419 -0.67429996 173.34279 -16.228899 -4.7714 3.3063998 79.716095 -0.5541 6.8518996 21.4546 -0.0030999999 -0 6.2918 0.51269996 -0.5606 2.5658998 1.0372 -1.1101 2.2477999 1.0306 -1.1163 -7.4247 -9.0286 1.8101 1.6031 5.1049 -3.8033998 -163.41649 -74.2349 -18.3949 -27.034199 54.7604 16.4583 -26.594099 -7.7138 0.6961 12.508599 -6.711 33.0484 -164.65419 74.825096 17.114899 -7.8148 -54.965 -33.6344 -32.0288 14.059999 -1.2364 10.1725 2.8795998 -11.6165
145.31201 92.090004 169.97601 91.9103 -0.2573 -2.1055 177.7061 0.1175 163.4066 -11.3069 2.2031999 -9.3419 79.1567 5.3033 -4.6277 21.4546 0.0030999999 -0 173.5585 -0.61039996 173.45369 -15.9639 -4.684 3.3118 79.6307 -0.5589 6.8363 21.4546 -0.0030999999 -0 6.2774997 0.5147 -0.543 2.5375 1.041 -1.0749 2.2194 1.0346 -1.0812 -7.4925 -9.0471 1.8937 1.6096 5.0764 -3.734 -163.4545 -74.2014 -18.3562 -27.185999 54.7735 16.3144 -26.6939 -7.7592998 0.7007 12.5265 -6.6933 33.018497 -164.7031 74.8854 17.0644 -7.7914 -54.8317 -33.6823 -32.1433 14.0841 -1.2402999 10.1647 2.82 -11.697499
145.24901 92.11101 169.981 91.9594 -0.26659998 -1.9700999 177.7448 0.155 163.3707 -11.1563 2.2656 -9.246799 79.1053 5.2383 -4.6173 21.4546 0.0030999999 -0 173.68509 -0.5512 173.5205 -15.717 -4.6008997 3.3425 79.5567 -0.5809 6.8255 21.4546 -0.0030999999 -0 6.2644997 0.5165 -0.5237 2.5116 1.0440999 -1.0364 2.1935 1.0379 -1.0426999 -7.5371 -9.072599 1.9696 1.5974 5.0386 -3.6722 -163.4682 -74.1491 -18.342499 -27.2887 54.814 16.1687 -26.841 -7.8213 0.7072 12.4911995 -6.759 33.0229 -164.75099 74.9339 17.015 -7.7960997 -54.6973 -33.7147 -32.2337 14.1205 -1.2445999 10.1581 2.7563 -11.7898
145.182 92.128006 169.981 91.9909 -0.2735 -1.8247999 177.80539 0.1925 163.5242 -11.007899 2.2912 -9.2564 79.0507 5.2425 -4.6226 21.4546 0.0030999999 0 173.8214 -0.5068 173.5483 -15.502199 -4.5327 3.4045 79.5013 -0.6232 6.8243 21.4546 -0.0030999999 -0 6.2542 0.5186 -0.5056 2.491 1.0472 -1.0002 2.1729 1.0411999 -1.0065 -7.5544 -9.0942 2.0334 1.5753 4.9844 -3.6143 -163.4736 -74.0926 -18.3374 -27.3485 54.8831 16.034899 -27.0267 -7.8891997 0.7148 12.421 -6.8921 33.0419 -164.77809 74.9628 16.9872 -7.8438997 -54.5706 -33.695198 -32.283 14.172299 -1.2488999 10.157499 2.6933 -11.861099
145.11401 92.14001 169.975 92.005295 -0.2786 -1.6638999 177.8718 0.2206 163.8026 -10.889899 2.2870998 -9.3293 79.0069 5.2890997 -4.6373 21.4546 0.0030999999 -0 173.95999 -0.47919998 173.5479 -15.331599 -4.4814997 3.4951 79.4695 -0.6835 6.8353 21.4546 -0.0030999999 -0 6.2469997 0.5208 -0.48999998 2.4768 1.0505999 -0.9691 2.1587 1.0449 -0.9754 -7.5516 -9.1072 2.0860999 1.5531 4.914 -3.5570998 -163.4738 -74.0374 -18.3377 -27.380299 54.974 15.921599 -27.2398 -7.9526 0.72249997 12.337999 -7.0544996 33.0524 -164.7731 74.969696 16.992199 -7.9396 -54.452797 -33.6084 -32.291798 14.2364 -1.2531999 10.1628 2.6376998 -11.885699
145.04501 92.147 169.96301 92.006294 -0.2816 -1.4858999 177.929 0.2349 164.1175 -10.8202 2.2668 -9.4129 78.983795 5.3433 -4.6537 21.4546 0.0030999999 -0 174.09079 -0.46559998 173.5335 -15.2133 -4.4451 3.6062999 79.464 -0.7565 6.8581996 21.4546 -0.0030999999 -0 6.2427998 0.5227 -0.4775 2.4685 1.0545 -0.944 2.1504 1.049 -0.9503 -7.5379 -9.1075 2.1316 1.5381 4.8272 -3.4954 -163.4673 -73.9855 -18.3447 -27.3997 55.079098 15.8331995 -27.4677 -8.003 0.72969997 12.2634 -7.2037997 33.035698 -164.7336 74.9563 17.032799 -8.08 -54.3424 -33.4526 -32.2701 14.3067 -1.2573 10.171599 2.5976999 -11.8496
144.979 92.15 169.947 92.000595 -0.2816 -1.2954999 177.96829 0.2375 164.384 -10.7969 2.2467 -9.4605 78.9818 5.3742 -4.6656 21.4546 0.0030999999 -0 174.20479 -0.4596 173.5235 -15.1449995 -4.4192 3.7231 79.4834 -0.8332 6.8866 21.4546 -0.0030999999 -0 6.2402 0.5243 -0.46739998 2.4634 1.0583999 -0.9238 2.1453 1.053 -0.93009996 -7.5155997 -9.0865 2.1763 1.5274 4.7156997 -3.4176998 -163.45549 -73.9393 -18.3571 -27.414 55.196598 15.7675 -27.6962 -8.0385 0.7359 12.21 -7.3139 32.9929 -164.6745 74.931496 17.0934 -8.249599 -54.2388 -33.244198 -32.2367 14.372999 -1.2609 10.1806 2.5828 -11.770499
144.916 92.149 169.927 91.994194 -0.2777 -1.0983 177.987 0.2321 164.54219 -10.811299 2.2391 -9.4407 78.998 5.3606 -4.6688 21.4546 0.0030999999 -0 174.2975 -0.4556 173.5401 -15.1186 -4.4021997 3.8284998 79.523895 -0.903 6.9144998 21.4546 -0.0030999999 -0 6.2377996 0.5256 -0.45909998 2.4586 1.0616 -0.9072 2.1404998 1.0562999 -0.91359997 -7.4859 -9.0317 2.2281 1.5195 4.5675 -3.3081 -163.4383 -73.9012 -18.3752 -27.4261 55.327 15.721499 -27.9107 -8.0603 0.74109995 12.1831 -7.3711996 32.930798 -164.6146 74.903595 17.154999 -8.429299 -54.1413 -33.0074 -32.2107 14.4279995 -1.2638999 10.1875 2.5974998 -11.676399
144.85501 92.146 169.90701 91.9889 -0.2698 -0.89919996 177.9905 0.2227 164.5808 -10.849 2.2474 -9.349199 79.0263 5.2997 -4.6623 21.4546 0.0030999999 -0 174.37259 -0.45049998 173.60959 -15.1196995 -4.3989 3.9048 79.5796 -0.95379996 6.9388 21.4546 -0.0030999999 -0 6.2344 0.5266 -0.4522 2.4517999 1.0633 -0.8935 2.1337 1.058 -0.89989996 -7.45 -8.9253 2.297 1.5203999 4.3687 -3.1457 -163.4119 -73.8726 -18.4024 -27.434198 55.471798 15.6938 -28.097 -8.0731 0.74509996 12.177 -7.3816 32.8587 -164.573 74.8776 17.197899 -8.5985 -54.049698 -32.774 -32.207798 14.4705 -1.2666 10.1935 2.6373 -11.6005
144.793 92.142006 169.88501 91.9843 -0.258 -0.70019996 177.9877 0.21229999 164.51709 -10.8956995 2.2698998 -9.198299 79.0599 5.1991997 -4.6477 21.4546 0.0030999999 -0 174.4381 -0.44309998 173.74919 -15.133599 -4.4137 3.9408998 79.6447 -0.97779995 6.9582996 21.4546 -0.0030999999 -0 6.2293997 0.5266 -0.4466 2.442 1.0625 -0.8822 2.1238 1.0573 -0.8886 -7.4091997 -8.7568 2.3913 1.537 4.1142 -2.9167 -163.38359 -73.8538 -18.431599 -27.4331 55.6288 15.683 -28.2431 -8.0806 0.7482 12.1846 -7.3557997 32.7814 -164.55989 74.8545 17.2113 -8.741799 -53.9643 -32.5713 -32.2384 14.5046 -1.2694 10.1988 2.692 -11.5612
144.73001 92.13801 169.86401 91.977295 -0.2427 -0.50049996 177.9895 0.2032 164.3952 -10.938499 2.3006 -9.0145 79.0912 5.0766997 -4.6292 21.4546 0.0030999999 -0 174.5056 -0.43359998 173.96399 -15.1465 -4.4497 3.9341998 79.714294 -0.97279996 6.9733 21.4546 -0.0030999999 -0 6.223 0.525 -0.44219998 2.4292 1.0588 -0.8735 2.111 1.0537 -0.8799 -7.3648996 -8.5264 2.5163999 1.5763999 3.8105 -2.6173 -163.3718 -73.8436 -18.4438 -27.4152 55.7916 15.687699 -28.3406 -8.0845995 0.75009996 12.1991 -7.3079996 32.698498 -164.5759 74.8321 17.195 -8.8506 -53.8862 -32.420097 -32.3071 14.5384 -1.273 10.2024 2.7468998 -11.5584
144.66301 92.134 169.84201 91.9658 -0.22489999 -0.2994 178.0035 0.197 164.26349 -10.968599 2.3323 -8.8242 79.1155 4.9495997 -4.6102 21.4546 0.0030999999 0 174.5827 -0.4231 174.2379 -15.149799 -4.5032 3.8946 79.784096 -0.94519997 6.9849 21.4546 -0.0030999999 -0 6.2152996 0.5219 -0.4389 2.4139 1.0526 -0.8671 2.0958 1.0474 -0.8734 -7.3164 -8.2542 2.6736 1.635 3.4805 -2.2619 -163.3828 -73.837395 -18.4326 -27.3806 55.951 15.7019 -28.386099 -8.0834 0.7509 12.2191 -7.2507 32.6101 -164.61209 74.8092 17.1581 -8.9230995 -53.8186 -32.325397 -32.4129 14.578199 -1.2778 10.203899 2.7898998 -11.5793
144.593 92.131004 169.81801 91.949196 -0.2061 -0.096099995 178.0336 0.19409999 164.1698 -10.9814 2.3581 -8.6524 79.130196 4.8346 -4.5934997 21.4546 0.0030999999 0 174.6738 -0.41259998 174.5399 -15.1389 -4.5653 3.8402 79.8509 -0.90739995 6.9947 21.4546 -0.0030999999 -0 6.2068 0.518 -0.43629998 2.3969 1.0447 -0.8621 2.0787 1.0396 -0.8684 -7.2622 -7.9725 2.8597999 1.7026 3.1561 -1.8764 -163.412 -73.8286 -18.4027 -27.3347 56.0963 15.7168 -28.3804 -8.0731 0.75009996 12.247 -7.1945996 32.5182 -164.65439 74.7864 17.115 -8.9626 -53.766697 -32.2805 -32.5509 14.6275 -1.2839 10.2035 2.8128 -11.6059
144.51901 92.130005 169.794 91.928 -0.1862 0.1069 178.0773 0.19469999 164.14569 -10.9811 2.3738 -8.5191 79.1315 4.7443 -4.5841 21.4546 0.0030999999 0 174.7786 -0.4008 174.8286 -15.1137 -4.6218 3.793 79.9123 -0.8749 7.0025997 21.4546 -0.0030999999 -0 6.1977997 0.5137 -0.43359998 2.3789 1.0359 -0.8569 2.0607998 1.0308 -0.8631 -7.2022996 -7.7114997 3.0655 1.7646999 2.8592 -1.4894999 -163.441 -73.81 -18.3731 -27.286798 56.2188 15.724199 -28.3289 -8.0531 0.7479 12.2817 -7.1433 32.4315 -164.68979 74.7658 17.0787 -8.976399 -53.7367 -32.2667 -32.713898 14.682899 -1.291 10.2032995 2.8170998 -11.635099
144.444 92.130005 169.768 91.9033 -0.16589999 0.30679998 178.12999 0.19759999 164.2086 -10.9741 2.3769999 -8.4376 79.1188 4.687 -4.5857997 21.4546 0.0030999999 0 174.8952 -0.3867 175.0642 -15.0769 -4.6587 3.7735999 79.9672 -0.86249995 7.0085998 21.4546 -0.0030999999 -0 6.1888 0.50909996 -0.4297 2.3611 1.0265 -0.84929997 2.043 1.0215 -0.8555 -7.1382 -7.495 3.2784 1.8097 2.6041 -1.1272 -163.4477 -73.7769 -18.366499 -27.245998 56.3131 15.719399 -28.238998 -8.0253 0.7445 12.3215 -7.0979 32.357597 -164.7095 74.749695 17.0586 -8.9726 -53.733498 -32.2645 -32.8929 14.7394 -1.2985 10.2052 2.8084 -11.669
144.36801 92.130005 169.74101 91.8758 -0.1485 0.5017 178.19029 0.1986 164.34889 -10.9618 2.368 -8.4045 79.102196 4.6612997 -4.5964 21.4546 0.0030999999 -0 175.0197 -0.37399998 175.22499 -15.0342 -4.6700997 3.7937 80.016495 -0.8781 7.0133996 21.4546 -0.0030999999 -0 6.1805 0.5046 -0.424 2.3446 1.0174999 -0.8379 2.0265 1.0126 -0.844 -7.0761 -7.3286996 3.4843998 1.8381 2.3906 -0.8052 -163.4148 -73.7327 -18.4006 -27.2157 56.381397 15.7065 -28.1215 -7.9972 0.7405 12.365 -7.0601997 32.294598 -164.7152 74.737 17.0529 -8.9559 -53.7576 -32.2655 -33.0769 14.7936 -1.3059 10.2081995 2.794 -11.7081995
144.292 92.131004 169.71101 91.8461 -0.1361 0.692 178.2555 0.1937 164.543 -10.9472 2.3485 -8.406099 79.09 4.6587996 -4.6117997 21.4546 0.0030999999 0 175.1491 -0.3647 175.30359 -14.989699 -4.6544 3.8578 80.0608 -0.92509997 7.0174 21.4546 -0.0030999999 -0 6.1733 0.50049996 -0.41599998 2.3302 1.0088999 -0.8222 2.0121 1.0041 -0.8283 -7.0209 -7.2096 3.6713998 1.8536999 2.2138 -0.5324 -163.342 -73.682396 -18.4757 -27.1917 56.4265 15.690599 -27.9865 -7.975 0.7367 12.4085 -7.0301 32.2409 -164.7135 74.726395 17.0548 -8.9300995 -53.806698 -32.2704 -33.253998 14.843499 -1.3129 10.2116995 2.7791 -11.7483
144.218 92.131004 169.68001 91.815094 -0.1265 0.8814 178.31949 0.1815 164.7516 -10.938 2.3219 -8.4165 79.0832 4.6626997 -4.6273 21.4546 0.0030999999 -0 175.282 -0.3577 175.31259 -14.943199 -4.6162 3.9613 80.100296 -0.9999 7.0207 21.4546 -0.0030999999 -0 6.167 0.4957 -0.4068 2.3178 0.9992 -0.8038 1.9997 0.9945 -0.80979997 -6.974 -7.1264997 3.8318 1.8613 2.0658998 -0.3085 -163.25659 -73.631195 -18.563799 -27.1574 56.4497 15.6758995 -27.8427 -7.9605 0.7333 12.444099 -7.0046 32.198997 -164.71559 74.7164 17.052599 -8.8979 -53.8754 -32.2919 -33.411 14.8895 -1.3195 10.2156 2.7646 -11.7764
144.14601 92.132 169.647 91.7853 -0.1183 1.0735999 178.37639 0.1618 164.9418 -10.938 2.2921999 -8.4137 79.082 4.6587996 -4.6387 21.4546 0.0030999999 -0 175.41469 -0.3534 175.27899 -14.8949995 -4.5657 4.091 80.1355 -1.0933 7.0235996 21.4546 -0.0030999999 -0 6.161 0.48999998 -0.39699998 2.3058999 0.98749995 -0.7845 1.9878 0.98289996 -0.79039997 -6.9333997 -7.0706 3.9634 1.8634 1.9435999 -0.1303 -163.1814 -73.581795 -18.6415 -27.0991 56.4498 15.6692 -27.6968 -7.9501 0.7301 12.469299 -6.9842 32.1736 -164.7262 74.7069 17.0418 -8.8633995 -53.9582 -32.3427 -33.5361 14.9318 -1.3251 10.219999 2.7479 -11.7793
144.07701 92.133 169.61201 91.760796 -0.1107 1.2718999 178.42119 0.13499999 165.0909 -10.9464 2.2637 -8.3826 79.0869 4.6370997 -4.6431 21.4546 0.0030999999 -0 175.5414 -0.3539 175.2421 -14.8466 -4.5172997 4.2272 80.168 -1.191 7.0260997 21.4546 -0.0030999999 -0 6.1541 0.4834 -0.38779998 2.2921 0.97419995 -0.7662 1.974 0.9697 -0.7721 -6.8946 -7.0365996 4.0699 1.8599999 1.8479999 0.0081 -163.1294 -73.534195 -18.6953 -27.0089 56.423298 15.6809 -27.5534 -7.9356 0.7267 12.488199 -6.9732 32.169598 -164.74109 74.699295 17.0266 -8.8327 -54.0495 -32.4332 -33.6198 14.969899 -1.3281 10.2251 2.7236 -11.7465
144.013 92.134 169.576 91.7445 -0.1034 1.4756 178.4514 0.1043 165.1918 -10.9606 2.2405 -8.319799 79.0964 4.5951 -4.6405997 21.4546 0.0030999999 -0 175.6565 -0.35779998 175.2291 -14.7996 -4.4790998 4.3536997 80.199394 -1.2817999 7.0274997 21.4546 -0.0030999999 -0 6.1452 0.47649997 -0.37939999 2.2746 0.9601 -0.7496 1.9564999 0.9557 -0.7554 -6.8545 -7.0206 4.1561 1.8513 1.7763 0.114 -163.0902 -73.485695 -18.736 -26.889399 56.371 15.724199 -27.413599 -7.9156 0.723 12.5025 -6.9739 32.182 -164.7472 74.6943 17.0204 -8.810699 -54.1447 -32.558598 -33.6608 15.002 -1.3291 10.234099 2.6861 -11.684299
143.951 92.134 169.54102 91.738396 -0.096099995 1.6814 178.467 0.074 165.2481 -10.976299 2.2263 -8.2297 79.108 4.5353 -4.633 21.4546 0.0030999999 -0 175.7562 -0.3621 175.2563 -14.755899 -4.4530997 4.459 80.230995 -1.3580999 7.0267 21.4546 -0.0030999999 -0 6.134 0.46989998 -0.3715 2.2521 0.94659996 -0.73399997 1.9339999 0.94229996 -0.73969996 -6.8121996 -7.019 4.2269 1.8379999 1.7233 0.19489999 -163.0407 -73.4327 -18.7873 -26.7501 56.2968 15.8108 -27.2769 -7.8939996 0.7193 12.5138 -6.9862 32.1997 -164.7289 74.691795 17.039099 -8.8007 -54.2402 -32.7042 -33.663097 15.0255995 -1.3295 10.2506 2.6311998 -11.6095
143.89401 92.134 169.509 91.7415 -0.0885 1.8837999 178.4733 0.0486 165.2693 -10.986199 2.2221 -8.1215 79.118195 4.4635 -4.6221 21.4546 0.0030999999 0 175.8407 -0.3636 175.31769 -14.715799 -4.435 4.5428 80.2631 -1.4197999 7.0231 21.4546 -0.0030999999 -0 6.1205997 0.46379998 -0.3633 2.2254999 0.9343 -0.7179 1.9073999 0.92999995 -0.72349995 -6.7716 -7.0270996 4.2844 1.8240999 1.6812999 0.2563 -162.9634 -73.3751 -18.8673 -26.602 56.2101 15.9387 -27.1418 -7.8795 0.71599996 12.528 -7.0045 32.2087 -164.6834 74.6887 17.0857 -8.7987995 -54.3313 -32.8485 -33.636898 15.040299 -1.3292999 10.2701 2.5628998 -11.5387
143.84001 92.135 169.48201 91.751396 -0.080299996 2.0778 178.47679 0.0314 165.2672 -10.9838 2.2271 -8.0054 79.1243 4.3863 -4.6094 21.4546 0.0030999999 0 175.9126 -0.3604 175.3996 -14.6789 -4.4192 4.6096997 80.2947 -1.4702 7.0169997 21.4546 -0.0030999999 -0 6.1061 0.45839998 -0.3542 2.1966 0.92329997 -0.69979995 1.8785 0.9192 -0.7054 -6.738 -7.0396 4.33 1.8139 1.6429 0.30339998 -162.8507 -73.3157 -18.983599 -26.453999 56.1222 16.0949 -27.0061 -7.8787 0.7137 12.550099 -7.0228 32.2001 -164.61789 74.681496 17.152899 -8.7984 -54.4132 -32.9703 -33.594498 15.046 -1.3284999 10.2864 2.4884 -11.486099
143.78801 92.135 169.46 91.7652 -0.0716 2.2619 178.482 0.0223 165.2549 -10.9667 2.238 -7.8896 79.1251 4.3093 -4.5957 21.4546 0.0030999999 0 175.9762 -0.35349998 175.48839 -14.6432 -4.4048 4.6672997 80.3246 -1.5139999 7.0102997 21.4546 -0.0030999999 -0 6.0915 0.4538 -0.3442 2.1676 0.9137 -0.6802 1.8493999 0.9097 -0.6857 -6.7173 -7.0516996 4.3652997 1.8093 1.602 0.3409 -162.71849 -73.2625 -19.119999 -26.3076 56.044598 16.2475 -26.867199 -7.8886 0.71209997 12.5773 -7.0393 32.1819 -164.5564 74.669395 17.216 -8.789599 -54.4818 -33.0561 -33.547897 15.042 -1.3273 10.2965 2.4162 -11.4593
143.738 92.136 169.44101 91.780594 -0.0633 2.4363 178.4906 0.0185 165.2457 -10.9379 2.2508 -7.7818 79.1213 4.2374997 -4.5822997 21.4546 0.0030999999 -0 176.03459 -0.3461 175.5763 -14.6088 -4.394 4.7205 80.352295 -1.5543 7.0051 21.4546 -0.0030999999 -0 6.0778 0.44979998 -0.334 2.1402 0.90559995 -0.6598 1.8219999 0.90169996 -0.6653 -6.7117 -7.0604997 4.3933 1.8093 1.5559 0.3733 -162.5912 -73.2222 -19.2512 -26.160599 55.983997 16.3708 -26.723099 -7.901 0.7105 12.606299 -7.0572996 32.1665 -164.5197 74.653496 17.2538 -8.7675 -54.5347 -33.1022 -33.5048 15.0279 -1.3259 10.2997 2.3555999 -11.4579
143.692 92.136 169.42401 91.796 -0.056399997 2.6022 178.5 0.0156 165.25279 -10.9065 2.2614 -7.6885996 79.1159 4.1753 -4.5709 21.4546 0.0030999999 -0 176.0882 -0.3437 175.6667 -14.5785 -4.3925 4.7689 80.379295 -1.5902 7.0028996 21.4546 -0.0030999999 -0 6.0653996 0.447 -0.3241 2.1155 0.8994 -0.64019996 1.7974 0.8957 -0.6457 -6.7179 -7.0662 4.4189997 1.8082999 1.5071 0.40469998 -162.50009 -73.197296 -19.345 -26.0078 55.9384 16.4561 -26.5733 -7.9037 0.7082 12.6353 -7.0868998 32.1675 -164.5181 74.638 17.255499 -8.7353 -54.571198 -33.1198 -33.465298 15.004499 -1.3244 10.2979 2.3157 -11.4712
143.647 92.135 169.40701 91.8097 -0.051599998 2.7596 178.5081 0.01 165.28369 -10.8812 2.2667 -7.6141996 79.1122 4.1254997 -4.5628 21.4546 0.0030999999 0 176.137 -0.34919998 175.761 -14.556 -4.4033 4.8118997 80.407295 -1.6213 7.0044 21.4546 -0.0030999999 -0 6.0548 0.44509998 -0.31509998 2.0943 0.8954 -0.6225 1.7761999 0.8918 -0.6278 -6.7306 -7.0692 4.4472 1.8032 1.4585999 0.4391 -162.4552 -73.186195 -19.3912 -25.8491 55.9039 16.5128 -26.42 -7.8915997 0.705 12.6654 -7.1354 32.1876 -164.552 74.6268 17.2209 -8.6999 -54.593 -33.1254 -33.4265 14.9768 -1.3228999 10.2961 2.2993 -11.486
143.606 92.133 169.39001 91.8198 -0.048899997 2.9073 178.51399 -0.0001 165.33969 -10.868199 2.2652 -7.5600996 79.114 4.0891 -4.5583997 21.4546 0.0030999999 0 176.181 -0.3629 175.85759 -14.5443 -4.4253 4.8494 80.4379 -1.6477 7.009 21.4546 -0.0030999999 -0 6.0462 0.4436 -0.3075 2.0772998 0.8936 -0.6071 1.7592 0.89 -0.6125 -6.7433 -7.0692 4.4811997 1.7937 1.4131 0.4797 -162.4447 -73.1828 -19.4021 -25.6899 55.874897 16.5656 -26.267399 -7.8677998 0.70089996 12.699699 -7.2057996 32.217598 -164.61299 74.6234 17.1584 -8.6707 -54.6036 -33.1386 -33.3833 14.9535 -1.3217 10.3006 2.3028998 -11.4887
143.56601 92.129005 169.373 91.825 -0.047199998 3.0428 178.5204 -0.0127 165.4121 -10.8652 2.2584 -7.5225997 79.1203 4.0636997 -4.5568 21.4546 0.0030999999 -0 176.22159 -0.38149998 175.9468 -14.5428 -4.4537 4.8848 80.4705 -1.6719999 7.0162997 21.4546 -0.0030999999 -0 6.0397997 0.44239998 -0.3008 2.0646 0.8932 -0.594 1.7465 0.8897 -0.5994 -6.7497997 -7.0648 4.5201 1.7814 1.3707 0.5266 -162.4485 -73.179596 -19.3982 -25.5385 55.845997 16.633 -26.1167 -7.8378997 0.6965 12.738 -7.296 32.2429 -164.6861 74.6267 17.083399 -8.6542 -54.605297 -33.165 -33.334698 14.939899 -1.3209 10.3159 2.3188 -11.4741
143.53001 92.12501 169.35901 91.8248 -0.0449 3.1634 178.5316 -0.024 165.4868 -10.864699 2.2489 -7.4951997 79.1281 4.0452 -4.5561 21.4546 0.0030999999 -0 176.2607 -0.4001 176.01689 -14.5491 -4.4814 4.9224 80.503395 -1.6974 7.0255 21.4546 -0.0030999999 -0 6.0355 0.4412 -0.2949 2.0558999 0.893 -0.5821 1.7377 0.8896 -0.5875 -6.7441998 -7.0543 4.5596 1.7688999 1.3299999 0.57739997 -162.4457 -73.169495 -19.4012 -25.403599 55.813 16.725199 -25.9672 -7.8079996 0.6922 12.7771 -7.401 32.2511 -164.7544 74.6328 17.0133 -8.6531 -54.5993 -33.2001 -33.283 14.9381 -1.3202 10.3433 2.3381 -11.444099
143.49501 92.121 169.348 91.820595 -0.0405 3.2684999 178.5494 -0.0308 165.5513 -10.8596 2.2395 -7.4708996 79.133995 4.029 -4.5545 21.4546 0.0030999999 0 176.2985 -0.41459998 176.0671 -14.5597 -4.5053 4.9616 80.5353 -1.7238 7.0358 21.4546 -0.0030999999 -0 6.0323997 0.4402 -0.28919998 2.0499 0.89169997 -0.5707 1.7317 0.8883 -0.5761 -6.7236 -7.0382 4.5941 1.759 1.2904999 0.6272 -162.429 -73.1522 -19.4184 -25.285799 55.7782 16.8275 -25.8168 -7.779 0.6879 12.8094 -7.5168996 32.2564 -164.8071 74.6383 16.9592 -8.6612 -54.5874 -33.2289 -33.2357 14.943199 -1.3196 10.377399 2.3553998 -11.4121
143.46301 92.118004 169.34201 91.814095 -0.0336 3.3588 178.5741 -0.031 165.5974 -10.8454 2.2322 -7.4447 79.135895 4.0116997 -4.551 21.4546 0.0030999999 0 176.3346 -0.42229998 176.1039 -14.5716 -4.5242 4.9986997 80.5652 -1.7486 7.0460997 21.4546 -0.0030999999 -0 6.0299997 0.43919998 -0.2836 2.0453 0.88839996 -0.5596 1.7271999 0.88519996 -0.5649 -6.6878 -7.0192 4.6198 1.7537999 1.2531999 0.6709 -162.39949 -73.13 -19.449 -25.1817 55.746597 16.920599 -25.6637 -7.7500997 0.6836 12.8276 -7.6387 32.2774 -164.8385 74.6416 16.9271 -8.6699 -54.5718 -33.2373 -33.2006 14.9495 -1.3189 10.4099 2.3685 -11.3926
143.43301 92.115005 169.34001 91.807396 -0.024999999 3.4362998 178.6028 -0.0253 165.62689 -10.823 2.2279 -7.4163 79.1351 3.9933 -4.5460997 21.4546 0.0030999999 -0 176.36679 -0.4231 176.1444 -14.5841 -4.5401998 5.0245 80.594 -1.7659999 7.0544 21.4546 -0.0030999999 -0 6.0281997 0.4382 -0.2784 2.0411 0.88409996 -0.5492 1.7229999 0.88089997 -0.5546 -6.6414 -7.0046 4.6394 1.7531999 1.2229999 0.706 -162.3674 -73.1065 -19.4823 -25.084599 55.722797 16.9942 -25.508799 -7.7207 0.6792 12.8298 -7.7573 32.320698 -164.8507 74.6457 16.9144 -8.6733 -54.555798 -33.2227 -33.1818 14.9536 -1.3183 10.4311 2.3803 -11.393
143.406 92.11201 169.34201 91.801994 -0.016099999 3.5036 178.6323 -0.0157 165.6465 -10.795899 2.2256 -7.3883 79.1336 3.9752998 -4.5404997 21.4546 0.0030999999 -0 176.39409 -0.4179 176.19989 -14.596399 -4.5543 5.0339 80.621895 -1.7727 7.0593 21.4546 -0.0030999999 -0 6.0271997 0.43719998 -0.274 2.0367 0.8797 -0.5405 1.7185999 0.87659997 -0.5458 -6.5906 -6.9982 4.6561 1.7566999 1.2025 0.73289996 -162.3412 -73.0852 -19.509499 -24.988699 55.7101 17.0462 -25.356298 -7.6912 0.6749 12.8187 -7.8643 32.383 -164.84819 74.651794 16.917 -8.6685 -54.5403 -33.191998 -33.1791 14.9555 -1.3176999 10.4344 2.3924 -11.4105
143.38101 92.109 169.34601 91.7979 -0.0084999995 3.5633998 178.6594 -0.0056 165.66739 -10.7698 2.2228 -7.3655 79.133896 3.9608 -4.5352 21.4546 0.0030999999 -0 176.41739 -0.40919998 176.2697 -14.6065 -4.5661 5.0288 80.6483 -1.7701 7.0607 21.4546 -0.0030999999 -0 6.0264997 0.4364 -0.2707 2.0321999 0.87649995 -0.534 1.7141 0.8734 -0.5392 -6.5421 -6.9974 4.6728 1.7646999 1.1891999 0.7553 -162.3235 -73.0688 -19.527899 -24.8909 55.7096 17.085499 -25.2163 -7.6628 0.6709 12.802899 -7.9525 32.4482 -164.83609 74.658 16.9293 -8.6573 -54.522297 -33.163498 -33.186897 14.9588995 -1.3176 10.4192 2.4034998 -11.4302
143.358 92.107 169.352 91.7948 -0.003 3.6174998 178.6827 0.0026 165.6976 -10.7485 2.2175999 -7.3515 79.1372 3.9524999 -4.5309 21.4546 0.0030999999 -0 176.4384 -0.3998 176.342 -14.6133995 -4.575 5.0169997 80.6721 -1.7630999 7.0597 21.4546 -0.0030999999 -0 6.0259 0.4358 -0.2687 2.0279999 0.8746 -0.5299 1.7098999 0.87149996 -0.5352 -6.5007997 -6.9986 4.6921 1.7781 1.1804999 0.7777 -162.3123 -73.0559 -19.539299 -24.793098 55.7178 17.119999 -25.097198 -7.6358 0.6673 12.7907 -8.0126 32.5002 -164.825 74.6621 16.940699 -8.6414995 -54.4986 -33.1455 -33.198997 14.9642 -1.3176 10.3907995 2.4089 -11.4394
143.33801 92.105 169.35701 91.791695 0.0002 3.6661 178.7018 0.0077 165.7415 -10.7342 2.2087998 -7.3485 79.1437 3.9515 -4.5283 21.4546 0.0030999999 0 176.4588 -0.39299998 176.3969 -14.6172 -4.5804 5.0099998 80.692 -1.7594 7.0589 21.4546 -0.0030999999 -0 6.0255 0.43539998 -0.2676 2.0246 0.8734 -0.52779996 1.7064999 0.8703 -0.5331 -6.4695 -6.9976997 4.716 1.7987 1.1735 0.8042 -162.30229 -73.0423 -19.5497 -24.7011 55.7285 17.1553 -25.0059 -7.6095996 0.6642 12.7891 -8.0348 32.5248 -164.82849 74.6625 16.937199 -8.622499 -54.4665 -33.1359 -33.2094 14.967899 -1.3172 10.3595 2.4025 -11.4300995
143.32 92.102005 169.363 91.7882 0.0021 3.7087 178.7172 0.0103 165.7959 -10.727699 2.1966 -7.3550997 79.1534 3.9569 -4.5273 21.4546 0.0030999999 0 176.4782 -0.38939998 176.42389 -14.620999 -4.584 5.0146 80.7089 -1.763 7.0611 21.4546 -0.0030999999 -0 6.0252 0.435 -0.2668 2.0221999 0.87259996 -0.5263 1.7041 0.8695 -0.5315 -6.4476 -6.9881997 4.7437 1.8259 1.1611999 0.83879995 -162.2928 -73.0264 -19.5597 -24.618399 55.737698 17.192 -24.945 -7.5834 0.6615 12.8033 -8.0196 32.5179 -164.85089 74.659 16.9142 -8.598599 -54.4279 -33.1277 -33.2143 14.9656 -1.3166 10.3314 2.3858 -11.4032
143.30501 92.100006 169.36801 91.7837 0.0037999998 3.7442 178.72989 0.0116 165.853 -10.728499 2.1818 -7.3673 79.166 3.9659998 -4.527 21.4546 0.0030999999 0 176.4952 -0.3884 176.4205 -14.629399 -4.5887 5.0327997 80.7247 -1.7748 7.0681996 21.4546 -0.0030999999 -0 6.0250998 0.43469998 -0.2653 2.0207999 0.872 -0.5234 1.7026999 0.86899996 -0.5286 -6.4322 -6.9641 4.7735 1.8571999 1.1357 0.8846 -162.2849 -73.008095 -19.567999 -24.5474 55.744297 17.2279 -24.914099 -7.5566998 0.6592 12.835899 -7.9739 32.4815 -164.8895 74.653 16.874699 -8.5669 -54.387897 -33.1137 -33.2114 14.954599 -1.316 10.3104 2.3637 -11.3645
143.291 92.09701 169.373 91.777794 0.0064999997 3.7710998 178.7413 0.0117999995 165.90239 -10.7347 2.1656 -7.3798 79.1809 3.9754 -4.5269 21.4546 0.0030999999 -0 176.5081 -0.389 176.399 -14.645499 -4.5957 5.0572 80.7415 -1.79 7.0790997 21.4546 -0.0030999999 -0 6.0250998 0.43449998 -0.2626 2.0198 0.8717 -0.5179 1.7017 0.86869997 -0.52309996 -6.4193997 -6.9286 4.8052 1.8858999 1.0942 0.941 -162.27519 -72.9878 -19.5782 -24.4916 55.751 17.2591 -24.907598 -7.5315 0.6576 12.8842 -7.9073997 32.420498 -164.9341 74.6474 16.829 -8.5272 -54.3531 -33.1011 -33.2005 14.941799 -1.3153 10.2984 2.3397 -11.3214
143.279 92.094 169.37901 91.7705 0.0104 3.7893 178.7526 0.0111 165.93599 -10.743899 2.1492 -7.388 79.1969 3.9821 -4.5264997 21.4546 0.0030999999 -0 176.51619 -0.3904 176.37509 -14.6693 -4.605 5.079 80.7602 -1.8032 7.0909 21.4546 -0.0030999999 -0 6.0253 0.4344 -0.25849998 2.0189 0.87149996 -0.5096 1.7008 0.8685 -0.5148 -6.4063 -6.8872 4.8391 1.9065 1.038 1.0052999 -162.2611 -72.9667 -19.5929 -24.4536 55.761898 17.2796 -24.9193 -7.5098 0.65669996 12.9422 -7.832 32.344997 -164.9746 74.6446 16.7874 -8.480599 -54.328598 -33.1017 -33.1828 14.9358 -1.3145 10.2964 2.3167 -11.2802
143.26901 92.090004 169.38501 91.7629 0.014599999 3.8018 178.7636 0.01 165.9541 -10.752999 2.1332998 -7.3901997 79.211494 3.9849 -4.5246 21.4546 0.0030999999 -0 176.5211 -0.3924 176.36049 -14.695 -4.6131997 5.0934 80.778595 -1.8118 7.1004 21.4546 -0.0030999999 -0 6.0255 0.4342 -0.25349998 2.0182 0.8714 -0.49989998 1.7001 0.8685 -0.5051 -6.3945 -6.8445997 4.876 1.9195 0.9747 1.0744 -162.2448 -72.9479 -19.6099 -24.432999 55.7817 17.2776 -24.946 -7.4916 0.6562 12.999499 -7.7619996 32.2763 -165.0081 74.6428 16.753 -8.4302 -54.3131 -33.128597 -33.1605 14.942599 -1.3136 10.3054 2.2975 -11.2432995
143.261 92.088005 169.391 91.756195 0.0177 3.8121 178.77339 0.0075 165.96129 -10.7605 2.1176999 -7.3872 79.2234 3.9843 -4.521 21.4546 0.0030999999 -0 176.5249 -0.394 176.36009 -14.7163 -4.6177998 5.0997 80.7942 -1.8155999 7.1057 21.4546 -0.0030999999 -0 6.0257998 0.4341 -0.2488 2.0177999 0.87149996 -0.4906 1.6997 0.86859995 -0.4958 -6.3855996 -6.8051996 4.9158 1.9303 0.9122 1.1443 -162.2292 -72.9331 -19.626 -24.4292 55.812 17.2484 -24.9847 -7.4767 0.6558 13.046599 -7.7058997 32.231 -165.03749 74.640396 16.723 -8.378 -54.3037 -33.1847 -33.1348 14.960799 -1.3127999 10.3243 2.283 -11.2127
143.25401 92.086006 169.395 91.751495 0.0179 3.8226998 178.78079 0.0009 165.9661 -10.7667 2.1008 -7.3822 79.2327 3.9826 -4.5162997 21.4546 0.0030999999 0 176.5296 -0.3935 176.3696 -14.728 -4.6187 5.1018 80.804794 -1.8172 7.1071 21.4546 -0.0030999999 -0 6.0260997 0.434 -0.24589999 2.0176 0.87149996 -0.4833 1.6994 0.86859995 -0.4885 -6.3801 -6.7724 4.9564 1.9496 0.85649997 1.2100999 -162.21779 -72.922 -19.6378 -24.4426 55.850197 17.1983 -25.0324 -7.4648 0.6559 13.0755 -7.6626 32.2161 -165.0724 74.6373 16.6873 -8.3245 -54.2962 -33.2571 -33.1061 14.9793 -1.3118 10.3498 2.2705998 -11.1902
143.24901 92.08501 169.39801 91.749695 0.014699999 3.8356 178.78319 -0.0116 165.976 -10.7748995 2.0808 -7.3781996 79.2411 3.9817998 -4.5112 21.4546 0.0030999999 0 176.53479 -0.3937 176.384 -14.7308 -4.6191998 5.104 80.810196 -1.8188 7.1071 21.4546 -0.0030999999 -0 6.0264997 0.43379998 -0.24479999 2.0175 0.87149996 -0.4788 1.6994 0.86869997 -0.48409998 -6.3764997 -6.7479 4.9964 1.9864999 0.8104 1.2689999 -162.21649 -72.9122 -19.6393 -24.470499 55.890198 17.1423 -25.087599 -7.4578 0.6562 13.083099 -7.6295996 32.227398 -165.1175 74.6332 16.640999 -8.2688 -54.2889 -33.329998 -33.073498 14.9890995 -1.3109 10.3761 2.2582 -11.1768
143.24501 92.08401 169.39801 91.7511 0.009099999 3.8523998 178.7779 -0.030399999 165.9961 -10.79 2.056 -7.3777 79.250694 3.9835 -4.506 21.4546 0.0030999999 -0 176.5379 -0.4007 176.39839 -14.729899 -4.6249 5.1099 80.8127 -1.8224 7.1092 21.4546 -0.0030999999 -0 6.0269 0.43359998 -0.2443 2.0177 0.87149996 -0.4775 1.6996 0.86859995 -0.4827 -6.3717 -6.7317996 5.0347 2.0463998 0.7739 1.3205 -162.2322 -72.899895 -19.6232 -24.508099 55.923897 17.101 -25.150599 -7.4592 0.6569 13.071 -7.6036997 32.2516 -165.17189 74.6278 16.5852 -8.209499 -54.281998 -33.3882 -33.0354 14.9843 -1.31 10.3956995 2.2451 -11.1721
143.242 92.08301 169.39601 91.7548 0.0028 3.8722 178.7663 -0.0528 166.026 -10.8116 2.0277 -7.3808 79.2616 3.9877 -4.5011 21.4546 0.0030999999 -0 176.539 -0.41419998 176.409 -14.7309 -4.6375 5.1212997 80.814896 -1.8287 7.115 21.4546 -0.0030999999 -0 6.0271997 0.43339998 -0.24399999 2.0182 0.8713 -0.4784 1.7001 0.8685 -0.4836 -6.3626 -6.7212996 5.0713 2.1259 0.7424 1.3669 -162.2618 -72.882095 -19.593 -24.5529 55.946297 17.0832 -25.2223 -7.4714 0.6584 13.0480995 -7.5836 32.2767 -165.2278 74.6192 16.527899 -8.1454 -54.2777 -33.4323 -32.9922 14.9705 -1.3090999 10.4032 2.2328 -11.1718
143.24 92.081 169.39201 91.7595 -0.0021 3.8934 178.7518 -0.074999996 166.06189 -10.8359995 1.9986999 -7.3866997 79.2722 3.9935 -4.4971 21.4546 0.0030999999 -0 176.5396 -0.431 176.4119 -14.7376995 -4.6556997 5.1389 80.8189 -1.8384 7.1249 21.4546 -0.0030999999 -0 6.0276 0.433 -0.2443 2.0189 0.8709 -0.4804 1.7008 0.8681 -0.4856 -6.3462996 -6.7131996 5.1063 2.2159998 0.7102 1.4113 -162.2965 -72.8568 -19.557499 -24.604399 55.954998 17.088299 -25.3039 -7.4951 0.6611 13.0259 -7.5698 32.2916 -165.27379 74.604996 16.480799 -8.076799 -54.2782 -33.4699 -32.946 14.9577 -1.3083 10.3956995 2.224 -11.1705
143.238 92.079 169.388 91.7639 -0.0052 3.9138 178.73819 -0.094 166.0954 -10.857699 1.9736999 -7.3918 79.280495 3.9982998 -4.4948 21.4546 0.0030999999 0 176.5398 -0.4479 176.4028 -14.7491 -4.673 5.1628 80.824394 -1.8524 7.1359997 21.4546 -0.0030999999 -0 6.0278997 0.43249997 -0.24499999 2.0197 0.8703 -0.4829 1.7016 0.8675 -0.4881 -6.3223996 -6.7061 5.1405 2.3041 0.67539996 1.4555 -162.3252 -72.8245 -19.5284 -24.6654 55.9512 17.1014 -25.3969 -7.5269 0.6647 13.0127 -7.5638 32.2897 -165.29759 74.583694 16.4566 -8.0098 -54.283398 -33.5079 -32.901398 14.950399 -1.3075 10.3769 2.2209 -11.1654
143.23601 92.078 169.382 91.7668 -0.0069999998 3.9318 178.72859 -0.107999995 166.1192 -10.8723 1.9568 -7.3932 79.2844 3.9996998 -4.4947 21.4546 0.0030999999 -0 176.5398 -0.4623 176.37979 -14.7617 -4.6837 5.1921 80.829895 -1.8706 7.1456 21.4546 -0.0030999999 -0 6.0281997 0.4319 -0.24589999 2.0207999 0.8695 -0.4854 1.7026 0.8667 -0.4906 -6.2924 -6.7008996 5.174 2.3783998 0.6401 1.4986999 -162.3376 -72.786896 -19.5161 -24.739 55.937397 17.106499 -25.5024 -7.5628 0.6687 13.012199 -7.5670996 32.267498 -165.2928 74.5551 16.4616 -7.9505997 -54.291798 -33.548298 -32.8629 14.948199 -1.3068 10.3522 2.2236 -11.155499
143.235 92.077 169.37701 91.768295 -0.0084999995 3.9466 178.7242 -0.1174 166.1314 -10.877999 1.9495 -7.3904 79.2835 3.9972 -4.4972997 21.4546 0.0030999999 0 176.5394 -0.47329998 176.347 -14.7704 -4.6854 5.2236 80.833496 -1.8914 7.1513996 21.4546 -0.0030999999 -0 6.0284 0.43109998 -0.2471 2.0226 0.8681 -0.4878 1.7044 0.8652 -0.493 -6.2599998 -6.7032 5.2054 2.431 0.61329997 1.5346999 -162.3277 -72.7471 -19.5266 -24.8258 55.917 17.0952 -25.6204 -7.5986996 0.67289996 13.0208 -7.5793 32.2275 -165.26779 74.5223 16.4875 -7.9023 -54.301197 -33.5831 -32.8339 14.9421 -1.3061999 10.327 2.2287 -11.1439
143.23201 92.077 169.371 91.7689 -0.0104 3.9578998 178.7245 -0.122899994 166.1337 -10.8751 1.951 -7.3844 79.2781 3.9915 -4.5025 21.4546 0.0030999999 0 176.53859 -0.4813 176.31209 -14.772699 -4.6798 5.2517 80.834595 -1.9109999 7.1521997 21.4546 -0.0030999999 -0 6.0285 0.43019998 -0.24839999 2.0255 0.8659 -0.4901 1.7073 0.863 -0.4953 -6.23 -6.7222 5.2297997 2.4612 0.60719997 1.5518 -162.29599 -72.708496 -19.5595 -24.9238 55.8933 17.065199 -25.749699 -7.6323 0.67719996 13.0323 -7.5994997 32.1792 -165.2301 74.488495 16.5263 -7.8651 -54.3104 -33.6051 -32.8152 14.9247 -1.3057 10.304999 2.2322 -11.1334
143.23001 92.078 169.365 91.7697 -0.012399999 3.9657 178.7274 -0.1258 166.131 -10.8663 1.9578999 -7.378 79.2697 3.985 -4.5097 21.4546 0.0030999999 0 176.53749 -0.4879 176.28639 -14.7697 -4.6724 5.2688 80.834595 -1.9239999 7.1482 21.4546 -0.0030999999 -0 6.0285 0.4292 -0.2497 2.0291998 0.86319995 -0.49229997 1.7111 0.86039996 -0.49749997 -6.2091 -6.7716 5.238 2.4778 0.6368 1.5315 -162.25049 -72.674095 -19.606699 -25.0273 55.8689 17.021599 -25.8869 -7.6631 0.6814 13.039599 -7.627 32.1399 -165.1839 74.455894 16.5738 -7.8353 -54.3196 -33.6107 -32.8042 14.892799 -1.3052 10.2871 2.2309 -11.1257
143.227 92.078 169.35701 91.7723 -0.0145 3.9706 178.7302 -0.12799999 166.12729 -10.854099 1.9664999 -7.3729 79.2593 3.9789 -4.5179 21.4546 0.0030999999 0 176.5361 -0.49379998 176.2757 -14.763 -4.666 5.2717 80.8343 -1.9281 7.1394 21.4546 -0.0030999999 -0 6.0283 0.4279 -0.251 2.033 0.85999995 -0.49449998 1.7148999 0.85709995 -0.4996 -6.2039 -6.8641 5.2202 2.4945998 0.7159 1.4550999 -162.19319 -72.646095 -19.6658 -25.131899 55.846798 16.9697 -26.0264 -7.6924996 0.68549997 13.035999 -7.664 32.1185 -165.13339 74.4245 16.6258 -7.8092 -54.3293 -33.6061 -32.7976 14.8523 -1.3047 10.274799 2.2229 -11.1188
143.22401 92.079 169.34901 91.7782 -0.0168 3.9729998 178.7307 -0.13149999 166.1247 -10.840799 1.9734999 -7.3697996 79.2476 3.9742 -4.5263 21.4546 0.0030999999 -0 176.5343 -0.4991 176.2805 -14.754399 -4.6608 5.2620997 80.8334 -1.9246 7.1264 21.4546 -0.0030999999 -0 6.028 0.4258 -0.252 2.0356 0.85569996 -0.4966 1.7175 0.85289997 -0.5018 -6.2212 -7.0105 5.1664 2.5286999 0.85569996 1.3054 -162.1222 -72.6252 -19.7391 -25.2353 55.8299 16.9152 -26.1619 -7.7237997 0.6897 13.016299 -7.7145996 32.1156 -165.08139 74.392296 16.6793 -7.7834997 -54.340397 -33.604797 -32.791298 14.8152 -1.3041999 10.2699995 2.2084 -11.1081
143.222 92.081 169.339 91.787094 -0.0196 3.9728 178.7283 -0.137 166.121 -10.827499 1.9785999 -7.3673997 79.2351 3.9701 -4.5344 21.4546 0.0030999999 -0 176.5305 -0.5035 176.2914 -14.745 -4.6531997 5.2479 80.831696 -1.9185 7.1103997 21.4546 -0.0030999999 -0 6.0276 0.4231 -0.253 2.037 0.8504 -0.49879998 1.7189 0.84749997 -0.5039 -6.2623997 -7.2093997 5.0696 2.5915 1.0545 1.077 -162.0389 -72.61 -19.824999 -25.334799 55.8186 16.8652 -26.289598 -7.7604 0.6942 12.9851 -7.7769 32.1207 -165.01819 74.3591 16.7442 -7.7619 -54.355797 -33.617397 -32.7812 14.792 -1.3036 10.274099 2.1880999 -11.088799
143.22 92.082 169.328 91.798294 -0.0232 3.9689999 178.7233 -0.1445 166.1117 -10.814799 1.9833 -7.3638 79.2224 3.9652 -4.5424 21.4546 0.0030999999 0 176.5233 -0.5064 176.29529 -14.7352 -4.6394 5.2384 80.8292 -1.9161999 7.0926 21.4546 -0.0030999999 -0 6.0269 0.42 -0.254 2.0374 0.8441 -0.501 1.7192999 0.8412 -0.5061 -6.3248997 -7.4519997 4.9263997 2.6883 1.3029 0.7734 -161.9471 -72.598 -19.9196 -25.427898 55.8111 16.8274 -26.4079 -7.8054 0.69909996 12.951099 -7.8461 32.1199 -164.9325 74.3255 16.8324 -7.7506 -54.3787 -33.6496 -32.764 14.7897 -1.3031 10.2871 2.164 -11.0573
143.21901 92.08401 169.31601 91.8111 -0.0274 3.9587998 178.7162 -0.1528 166.0921 -10.8031 1.9899 -7.3581 79.2098 3.9585998 -4.5511 21.4546 0.0030999999 -0 176.51309 -0.5087 176.2798 -14.725699 -4.6186 5.2377996 80.825096 -1.9203 7.0741997 21.4546 -0.0030999999 -0 6.0260997 0.4164 -0.2553 2.037 0.83699995 -0.50339997 1.7189 0.834 -0.50839996 -6.3978996 -7.7201 4.7423997 2.81 1.5826 0.41329998 -161.85199 -72.585495 -20.0176 -25.5112 55.8043 16.8079 -26.5154 -7.8581 0.7043 12.9228 -7.917 32.1033 -164.82649 74.2947 16.9413 -7.7544 -54.409897 -33.6919 -32.739098 14.802799 -1.3025 10.3052 2.1392999 -11.0177
143.21901 92.086006 169.30301 91.825096 -0.031999998 3.9390998 178.70729 -0.1608 166.05989 -10.7928 2.0002 -7.3508997 79.197495 3.9505 -4.5614 21.4546 0.0030999999 -0 176.5004 -0.5118 176.23889 -14.716499 -4.5931 5.2468 80.818695 -1.9309 7.0565 21.4546 -0.0030999999 -0 6.0252 0.4123 -0.25689998 2.0355 0.8289 -0.5061 1.7172999 0.826 -0.5111 -6.4681 -7.9927998 4.5271997 2.9420998 1.8735 0.0208 -161.76239 -72.5704 -20.109999 -25.5803 55.7957 16.8081 -26.6089 -7.9150996 0.7096 12.9051 -7.9860997 32.067398 -164.7114 74.269295 17.0595 -7.7749996 -54.4478 -33.7319 -32.7081 14.8223 -1.3021 10.3241 2.1203 -10.976299
143.22 92.088005 169.29102 91.840996 -0.0371 3.9076998 178.69609 -0.1677 166.01799 -10.7837 2.0139 -7.3451 79.1857 3.9427998 -4.5738997 21.4546 0.0030999999 0 176.48459 -0.5176 176.1791 -14.7065 -4.5691 5.2609 80.809 -1.9442999 7.0411 21.4546 -0.0030999999 -0 6.0232997 0.408 -0.2588 2.0321999 0.8203 -0.50949997 1.7141 0.81729996 -0.51449996 -6.5216 -8.2497 4.2935 3.0658998 2.1564 -0.3777 -161.6935 -72.554 -20.181 -25.6302 55.786 16.8204 -26.6815 -7.9698997 0.7144 12.8966 -8.054 32.0212 -164.60919 74.248695 17.1645 -7.8083 -54.485897 -33.7593 -32.6759 14.8373995 -1.3017 10.340099 2.1185 -10.941
143.223 92.091 169.28001 91.858894 -0.0423 3.8630998 178.6832 -0.1731 165.97119 -10.775 2.0297 -7.3444 79.174194 3.938 -4.5887 21.4546 0.0030999999 0 176.4651 -0.527 176.1118 -14.695 -4.5526 5.2731 80.7961 -1.9553 7.0288 21.4546 -0.0030999999 -0 6.0206 0.4035 -0.2608 2.0270998 0.81119996 -0.51379997 1.709 0.8082 -0.5187 -6.5530996 -8.475699 4.054 3.1694999 2.4196 -0.76049995 -161.6492 -72.5383 -20.226799 -25.6617 55.777298 16.831 -26.727999 -8.0146 0.71819997 12.8928995 -8.1212 31.9774 -164.5338 74.2314 17.241999 -7.8501997 -54.518497 -33.7698 -32.6484 14.843499 -1.3015 10.3525 2.1406999 -10.9186
143.22601 92.093 169.268 91.878296 -0.047599997 3.8044999 178.6705 -0.1771 165.92569 -10.7654 2.0455 -7.3528 79.1626 3.9389 -4.6059 21.4546 0.0030999999 0 176.44229 -0.5401 176.0519 -14.682099 -4.548 5.2743 80.7807 -1.9576999 7.0189 21.4546 -0.0030999999 -0 6.0186996 0.3985 -0.2628 2.0207 0.80179995 -0.5184 1.7026 0.7988 -0.5233 -6.5683 -8.6638 3.8214 3.2508 2.6606 -1.1132 -161.6175 -72.5255 -20.2596 -25.6829 55.7725 16.820799 -26.747 -8.040999 0.71989995 12.888599 -8.1866 31.9508 -164.48639 74.2154 17.290699 -7.898 -54.541798 -33.7659 -32.6321 14.8441 -1.3014 10.3633995 2.1866999 -10.9144
143.23001 92.096 169.25801 91.8975 -0.053 3.7321 178.66069 -0.1802 165.886 -10.754 2.0598 -7.3725996 79.151 3.9471998 -4.6257 21.4546 0.0030999999 0 176.4178 -0.5563 176.0081 -14.6679 -4.5552 5.2592998 80.764 -1.9482 7.0098 21.4546 -0.0030999999 -0 6.0179 0.39409998 -0.265 2.0151 0.793 -0.5234 1.6969999 0.7899 -0.5281 -6.5775 -8.812699 3.6060998 3.3126 2.8794 -1.4262999 -161.5857 -72.5162 -20.2924 -25.702 55.772198 16.793 -26.7403 -8.0480995 0.7197 12.8849 -8.2438 31.935299 -164.45549 74.1988 17.3226 -7.9539 -54.5537 -33.749798 -32.6292 14.8447 -1.3016 10.374 2.248 -10.9298
143.23201 92.09801 169.248 91.9142 -0.0589 3.6467 178.6566 -0.18329999 165.8548 -10.7407 2.0714 -7.4048996 79.139595 3.9634998 -4.6482 21.4546 0.0030999999 -0 176.39409 -0.5742 175.98239 -14.652699 -4.5706 5.2267 80.746895 -1.9267 6.9992 21.4546 -0.0030999999 -0 6.0174 0.392 -0.26749998 2.0126998 0.7855 -0.52849996 1.6946 0.78249997 -0.5333 -6.5922 -8.926 3.4169998 3.36 3.0765 -1.6946 -161.5445 -72.5093 -20.334799 -25.725199 55.7749 16.767 -26.7128 -8.0402 0.7187 12.8881 -8.2827 31.910799 -164.4215 74.1799 17.3576 -8.0231 -54.553997 -33.7215 -32.6386 14.8509 -1.3019999 10.383699 2.3106 -10.9636
143.23401 92.100006 169.238 91.9274 -0.065299995 3.5484998 178.6588 -0.18689999 165.8297 -10.726299 2.0807 -7.4484 79.129 3.987 -4.6734 21.4546 0.0030999999 0 176.3719 -0.59139997 175.9635 -14.6377 -4.586 5.1826 80.7302 -1.8980999 6.9849997 21.4546 -0.0030999999 -0 6.0172 0.3915 -0.2701 2.0128999 0.7801 -0.5337 1.6947 0.777 -0.5384 -6.6131997 -9.009 3.2574 3.3902998 3.2489 -1.9173 -161.5051 -72.503296 -20.3755 -25.7433 55.777897 16.7613 -26.674599 -8.0232 0.7172 12.901 -8.3006 31.866299 -164.3701 74.1598 17.4104 -8.1071 -54.5448 -33.6728 -32.6606 14.861799 -1.3026 10.389999 2.3611 -11.0161
143.235 92.101006 169.22801 91.9369 -0.072299995 3.4380999 178.6667 -0.1915 165.8048 -10.712299 2.0886 -7.4995 79.1198 4.0151997 -4.7007 21.4546 0.0030999999 0 176.351 -0.60569996 175.9354 -14.624499 -4.5922 5.1359 80.714195 -1.869 6.9656 21.4546 -0.0030999999 -0 6.0171 0.3917 -0.27269998 2.014 0.77709997 -0.5388 1.6959 0.774 -0.5435 -6.6355 -9.0679 3.1272 3.3981 3.3923 -2.0960999 -161.48549 -72.4967 -20.395699 -25.7421 55.7791 16.788399 -26.6348 -8.0029 0.71559995 12.9237995 -8.2978 31.798698 -164.2952 74.1402 17.487299 -8.203199 -54.5291 -33.596 -32.695698 14.874399 -1.3033999 10.3898 2.3902 -11.0856
143.237 92.103004 169.218 91.9434 -0.0804 3.3176 178.67769 -0.19829999 165.76979 -10.7013 2.0962 -7.5505 79.113495 4.0435 -4.7283998 21.4546 0.0030999999 0 176.33159 -0.6163 175.8849 -14.612499 -4.5838 5.0952 80.6981 -1.8456 6.9413 21.4546 -0.0030999999 -0 6.0171 0.39229998 -0.2755 2.0156 0.7769 -0.5444 1.6975 0.7737 -0.5491 -6.6496997 -9.1092 3.0232 3.3799 3.5045 -2.2363 -161.4978 -72.4889 -20.383099 -25.7136 55.7799 16.8426 -26.5917 -7.982 0.7137 12.9519 -8.276 31.72 -164.21199 74.122696 17.5728 -8.3005 -54.5086 -33.5002 -32.7449 14.8887 -1.3047999 10.3841 2.4013 -11.1595
143.238 92.105 169.20901 91.9478 -0.0903 3.1898 178.68869 -0.2087 165.7154 -10.6965 2.1046 -7.5945997 79.111496 4.0671997 -4.755 21.4546 0.0030999999 0 176.3133 -0.62439996 175.8042 -14.601299 -4.5597997 5.0664997 80.6812 -1.8316 6.9135 21.4546 -0.0030999999 -0 6.0171 0.3933 -0.27879998 2.0174 0.77959996 -0.5511 1.6992999 0.77639997 -0.55579996 -6.6498 -9.1388 2.9408998 3.3383 3.5872 -2.3446 -161.5429 -72.4805 -20.3368 -25.657799 55.7837 16.909899 -26.5402 -7.9616 0.7116 12.9802 -8.2386 31.647 -164.13759 74.1074 17.6493 -8.3881 -54.4847 -33.4008 -32.8083 14.9071 -1.3074 10.3755 2.4013999 -11.220699
143.23901 92.106 169.199 91.9514 -0.1021 3.0577998 178.69609 -0.22369999 165.63739 -10.7012 2.1137 -7.627 79.115295 4.0836997 -4.7792 21.4546 0.0030999999 -0 176.29509 -0.6332 175.69589 -14.591599 -4.5264 5.0506 80.663795 -1.8269 6.8855 21.4546 -0.0030999999 -0 6.0169 0.3944 -0.283 2.0187 0.78429997 -0.5593 1.7005999 0.78099996 -0.56409997 -6.639 -9.1605 2.875 3.2868 3.6490998 -2.4294 -161.6012 -72.474 -20.2769 -25.5879 55.795597 16.968899 -26.473598 -7.9403996 0.709 13.0047 -8.1917 31.5987 -164.0829 74.0923 17.7055 -8.4586 -54.458397 -33.3183 -32.882698 14.935699 -1.3109 10.368199 2.3988 -11.248199
143.24101 92.107 169.19 91.9555 -0.115399994 2.9246 178.6985 -0.24319999 165.53749 -10.715799 2.1234 -7.6473 79.125 4.0924997 -4.8009 21.4546 0.0030999999 -0 176.2758 -0.6453 175.5697 -14.5841 -4.4918 5.0445 80.6467 -1.8283 6.8601 21.4546 -0.0030999999 -0 6.0165 0.3954 -0.288 2.019 0.78999996 -0.5693 1.7009 0.78669995 -0.57409996 -6.6240997 -9.1774 2.8202999 3.24 3.7008 -2.4989 -161.6476 -72.470695 -20.2291 -25.519999 55.8181 17.0087 -26.3892 -7.9165998 0.7061 13.024699 -8.1425 31.581799 -164.04579 74.0758 17.7437 -8.5119 -54.4324 -33.2625 -32.961 14.9765 -1.3152 10.3652 2.3969 -11.2311
143.242 92.108 169.18001 91.9612 -0.1287 2.7928998 178.6969 -0.2647 165.42479 -10.7366 2.1334999 -7.6587996 79.1384 4.0958 -4.8205 21.4546 0.0030999999 0 176.2546 -0.6617 175.4426 -14.578899 -4.4652 5.0401998 80.6306 -1.8298999 6.8394 21.4546 -0.0030999999 -0 6.0158 0.3965 -0.29389998 2.0175 0.7956 -0.5811 1.6994 0.79219997 -0.5859 -6.6141996 -9.191199 2.7721999 3.2117999 3.7526999 -2.5607 -161.655 -72.4704 -20.2215 -25.4706 55.8493 17.0324 -26.289299 -7.8883996 0.7026 13.0433 -8.0994 31.5887 -164.0098 74.0569 17.7808 -8.5563 -54.4109 -33.229298 -33.0313 15.0259 -1.3198999 10.366799 2.3931 -11.1723995
143.244 92.108 169.17001 91.9691 -0.1407 2.6636999 178.6929 -0.2846 165.31169 -10.7577 2.1441 -7.6685 79.1522 4.098 -4.8396 21.4546 0.0030999999 0 176.2313 -0.68039995 175.32579 -14.5751 -4.4483 5.0318 80.6158 -1.8276 6.8226 21.4546 -0.0030999999 -0 6.0146 0.3978 -0.3005 2.0142999 0.8003 -0.5943 1.6962 0.79679996 -0.5991 -6.6143 -9.2026 2.7279 3.2082 3.8076 -2.6185 -161.6167 -72.4709 -20.260899 -25.4438 55.884197 17.051899 -26.180399 -7.8556 0.6987 13.062699 -8.0692 31.608398 -163.9579 74.036995 17.8342 -8.599999 -54.398598 -33.2062 -33.0835 15.075 -1.3241999 10.3693 2.3853 -11.0912
143.24501 92.109 169.162 91.979 -0.1504 2.5363998 178.68889 -0.299 165.2115 -10.7722 2.1555998 -7.685 79.1626 4.1045 -4.8596 21.4546 0.0030999999 0 176.20619 -0.69729996 175.2254 -14.571 -4.4379 5.0148 80.602 -1.8189 6.8069997 21.4546 -0.0030999999 -0 6.0123 0.39909998 -0.3075 2.0096 0.8039 -0.6084 1.6913999 0.80039996 -0.6132 -6.6252 -9.2118 2.6857 3.2289999 3.8625998 -2.6733 -161.5412 -72.4693 -20.3387 -25.4343 55.9162 17.0828 -26.070799 -7.8194 0.6946 13.0836 -8.056399 31.6306 -163.8754 74.0187 17.918999 -8.6497 -54.3992 -33.177097 -33.1106 15.1122 -1.3271999 10.3667 2.3729 -11.0166
143.246 92.11 169.15501 91.9902 -0.15799999 2.4092 178.6879 -0.30719998 165.12819 -10.7768 2.1680999 -7.7117 79.1681 4.1176 -4.8813 21.4546 0.0030999999 -0 176.1803 -0.71 175.1406 -14.564899 -4.4284 4.9870996 80.588394 -1.8032999 6.7893 21.4546 -0.0030999999 -0 6.0091996 0.4005 -0.3144 2.0033998 0.8068 -0.6221 1.6853 0.8032 -0.627 -6.6415997 -9.219399 2.6445 3.2654 3.9129999 -2.7252998 -161.4439 -72.464096 -20.4389 -25.4333 55.9412 17.129599 -25.965899 -7.7802997 0.6903 13.1012 -8.0601 31.656898 -163.7617 74.0036 18.035799 -8.7045 -54.4115 -33.134598 -33.1147 15.127899 -1.3283 10.3578 2.3615 -10.9745
143.24701 92.11101 169.149 92.001595 -0.1644 2.2797 178.69269 -0.3103 165.0615 -10.7709 2.181 -7.7496 79.168495 4.1379 -4.9049997 21.4546 0.0030999999 -0 176.1546 -0.7172 175.0679 -14.555699 -4.4144998 4.9486 80.5745 -1.7813 6.7667 21.4546 -0.0030999999 -0 6.0055 0.40199998 -0.3206 1.9959999 0.8095 -0.63449997 1.6779 0.80579996 -0.6393 -6.6572 -9.2269 2.6039 3.307 3.955 -2.7745 -161.3398 -72.4543 -20.546099 -25.4329 55.956997 17.1918 -25.8696 -7.739 0.6861 13.1102 -8.0751 31.692598 -163.62529 73.9925 18.175999 -8.7597 -54.4315 -33.0769 -33.101997 15.1154995 -1.3271999 10.3432 2.3599 -10.983
143.24701 92.11301 169.143 92.0121 -0.1708 2.1452 178.7032 -0.3111 165.00769 -10.7568 2.1922998 -7.7981997 79.1652 4.1651 -4.9301 21.4546 0.0030999999 0 176.1294 -0.7205 175.0008 -14.544499 -4.3954 4.9027 80.5601 -1.7554 6.7397 21.4546 -0.0030999999 -0 6.0014997 0.4035 -0.3254 1.9878999 0.8124 -0.644 1.6697999 0.80869997 -0.6489 -6.6698 -9.236899 2.5649 3.3472 3.9894 -2.8218 -161.2339 -72.4404 -20.6553 -25.4331 55.9637 17.2673 -25.786098 -7.6962 0.682 13.1114 -8.0904 31.739698 -163.4866 73.9841 18.3183 -8.807 -54.452297 -33.0089 -33.0804 15.075 -1.3241 10.3229 2.3792 -11.0363
143.24901 92.114006 169.138 92.021194 -0.1778 2.0046 178.718 -0.31239998 164.9625 -10.738299 2.2001998 -7.8550997 79.1605 4.198 -4.9558 21.4546 0.0030999999 0 176.1044 -0.722 174.9334 -14.533099 -4.3717 4.8538 80.5452 -1.7281 6.7098 21.4546 -0.0030999999 -0 5.9972997 0.4052 -0.3285 1.9794999 0.8156 -0.65029997 1.6614 0.8118 -0.6552 -6.6787 -9.251599 2.5281 3.3809998 4.0183997 -2.8679 -161.1263 -72.4242 -20.7662 -25.437 55.9629 17.3559 -25.719799 -7.6526 0.678 13.1064 -8.0975 31.7981 -163.3655 73.9759 18.4426 -8.840099 -54.467598 -32.937298 -33.0551 15.0109 -1.3194 10.2975 2.4229999 -11.1196995
143.251 92.116005 169.13301 92.029396 -0.1859 1.8599999 178.73419 -0.31599998 164.92079 -10.7199 2.2045 -7.9161 79.1565 4.2339997 -4.9807997 21.4546 0.0030999999 -0 176.07869 -0.724 174.8608 -14.5231 -4.3455 4.8062997 80.5302 -1.7019 6.6791997 21.4546 -0.0030999999 -0 5.9930997 0.4069 -0.33049998 1.9711 0.8192 -0.65419996 1.6529 0.8153 -0.6591 -6.685 -9.2711 2.4933999 3.4048998 4.0450997 -2.914 -161.01329 -72.4097 -20.882599 -25.4506 55.9582 17.4629 -25.675 -7.6085997 0.6744 13.096 -8.0963 31.8655 -163.2744 73.9644 18.536299 -8.856999 -54.474197 -32.869198 -33.0261 14.9346 -1.3139 10.2706995 2.4798 -11.210199
143.25401 92.117004 169.12701 92.0368 -0.19489999 1.7150999 178.7493 -0.3223 164.8802 -10.7049 2.2059 -7.9775996 79.154396 4.2707 -5.0046 21.4546 0.0030999999 -0 176.0526 -0.728 174.7793 -14.5145 -4.3187 4.7644997 80.514694 -1.6795 6.6503 21.4546 -0.0030999999 -0 5.989 0.40879998 -0.3322 1.9628999 0.8231 -0.6576 1.6448 0.8192 -0.66249996 -6.69 -9.295199 2.4599 3.4143 4.0716 -2.9617 -160.89679 -72.400696 -21.002699 -25.476 55.9533 17.5866 -25.6535 -7.5628 0.67109996 13.0773 -8.0948 31.954498 -163.21829 73.9485 18.593899 -8.8582 -54.473198 -32.8115 -32.9917 14.858399 -1.3082 10.2462 2.5342 -11.292299
143.25801 92.118004 169.12201 92.0432 -0.2047 1.5753 178.762 -0.32979998 164.8409 -10.6942 2.2068 -8.0367 79.154396 4.3062997 -5.0267 21.4546 0.0030999999 0 176.0282 -0.7341 174.6865 -14.505699 -4.2921 4.733 80.4981 -1.6631 6.6252 21.4546 -0.0030999999 -0 5.9855 0.4112 -0.3349 1.9559 0.8276 -0.6631 1.6378 0.82369995 -0.6681 -6.6955 -9.3235 2.4262 3.4036 4.0989 -3.0126 -160.7856 -72.400795 -21.1171 -25.5105 55.951397 17.7178 -25.6538 -7.5123 0.6677 13.0427 -8.1076 32.092197 -163.19429 73.9301 18.6187 -8.8466 -54.4702 -32.7704 -32.9495 14.794399 -1.3032 10.228 2.5695 -11.359699
143.264 92.119 169.11801 92.0486 -0.2146 1.4452 178.771 -0.3371 164.8 -10.688399 2.2096999 -8.0892 79.1562 4.3378 -5.0466 21.4546 0.0030999999 0 176.0065 -0.7418 174.5848 -14.4956 -4.2668 4.7128997 80.479996 -1.6535 6.6052 21.4546 -0.0030999999 -0 5.9828997 0.4139 -0.3398 1.9506999 0.8328 -0.6728 1.6324999 0.8289 -0.6778 -6.7029 -9.3551 2.3911998 3.3704 4.1268997 -3.0676 -160.6926 -72.4105 -21.2127 -25.5532 55.952297 17.8478 -25.6675 -7.4556 0.6642 12.9867 -8.1407995 32.2883 -163.18799 73.910194 18.6253 -8.8279 -54.4689 -32.7492 -32.8988 14.747499 -1.2990999 10.2167 2.5813 -11.4105
143.272 92.121 169.11601 92.0533 -0.22389999 1.3287 178.7748 -0.3423 164.7534 -10.6875 2.2168999 -8.1305 79.1594 4.3624 -5.0636 21.4546 0.0030999999 -0 175.98729 -0.7495 174.47969 -14.483999 -4.2434 4.7033997 80.4607 -1.6499 6.5906997 21.4546 -0.0030999999 -0 5.9814997 0.4166 -0.3475 1.9474 0.8384 -0.6881 1.6293 0.8344 -0.6932 -6.7138 -9.3884 2.3539 3.3156 4.1547 -3.1267 -160.63069 -72.4283 -21.2762 -25.604599 55.9538 17.969099 -25.6836 -7.3933997 0.6604 12.9079 -8.191999 32.5356 -163.1792 73.889595 18.634499 -8.8094 -54.4712 -32.7483 -32.841 14.7163 -1.2959 10.2101 2.5741 -11.4451
143.28201 92.122 169.115 92.0586 -0.2311 1.2238 178.77269 -0.3442 164.70079 -10.6909 2.2279 -8.1615 79.1641 4.3805 -5.0773997 21.4546 0.0030999999 0 175.9671 -0.7554 174.37549 -14.474199 -4.2219 4.7007 80.4421 -1.65 6.5807 21.4546 -0.0030999999 -0 5.981 0.41889998 -0.3575 1.9461 0.8436 -0.70809996 1.6279999 0.8394 -0.7132 -6.7327 -9.4197 2.3141 3.2470999 4.1814 -3.1882 -160.59999 -72.4528 -21.307499 -25.6659 55.9557 18.0737 -25.6997 -7.3313 0.6565 12.822599 -8.2449 32.7971 -163.1528 73.8684 18.6619 -8.7971 -54.4763 -32.7616 -32.7807 14.6944 -1.2931 10.2038 2.5561 -11.4623995
143.29501 92.122 169.11601 92.0652 -0.23539999 1.1273999 178.76419 -0.3427 164.64389 -10.6988 2.2405 -8.184899 79.1705 4.3942 -5.0878997 21.4546 0.0030999999 0 175.94249 -0.7579 174.27649 -14.469899 -4.2015 4.7002 80.4267 -1.6510999 6.5733 21.4546 -0.0030999999 -0 5.9811997 0.42069998 -0.3689 1.9467 0.84739995 -0.731 1.6286 0.84309995 -0.73609996 -6.7641997 -9.4458 2.2721999 3.1757998 4.2065997 -3.2501 -160.595 -72.4816 -21.3123 -25.739199 55.9587 18.1545 -25.717299 -7.2766 0.65309995 12.7515 -8.282 33.025898 -163.0995 73.846695 18.7167 -8.7944 -54.482597 -32.7804 -32.7234 14.6746 -1.2906 10.1929 2.5355 -11.4628
143.311 92.123 169.11801 92.0721 -0.2374 1.0375999 178.75009 -0.3394 164.58589 -10.7135 2.2512999 -8.2038 79.1803 4.4058 -5.0948997 21.4546 0.0030999999 0 175.9122 -0.7558 174.1883 -14.4744 -4.1811 4.6973 80.416 -1.6506 6.5666 21.4546 -0.0030999999 -0 5.9825997 0.4219 -0.3812 1.9496 0.8497 -0.7554 1.6315 0.84529996 -0.7606 -6.8097997 -9.4664 2.2294 3.1148999 4.2318 -3.3109999 -160.60869 -72.510895 -21.297699 -25.8267 55.9642 18.2074 -25.739899 -7.2359 0.6509 12.7088995 -8.295899 33.177498 -163.0242 73.8241 18.794199 -8.7991 -54.488 -32.797398 -32.6737 14.6535 -1.2882 10.1754 2.5159 -11.4523
143.328 92.122 169.123 92.0768 -0.23779999 0.9525 178.7339 -0.336 164.5324 -10.7351 2.2572 -8.2221 79.195496 4.4182 -5.0979 21.4546 0.0030999999 0 175.87819 -0.74899995 174.1137 -14.4888 -4.1596 4.6889997 80.4107 -1.6467999 6.5593 21.4546 -0.0030999999 -0 5.9855 0.42249998 -0.3936 1.9553 0.8509 -0.78029996 1.6372 0.8466 -0.7855 -6.8671 -9.4824 2.1868 3.0732 4.2588 -3.3702 -160.6339 -72.536995 -21.271599 -25.929998 55.9736 18.2284 -25.7698 -7.2123 0.6501 12.7008 -8.286799 33.233498 -162.93959 73.800896 18.8813 -8.8056 -54.4912 -32.8094 -32.6343 14.6304 -1.286 10.151899 2.5010998 -11.4411
143.34601 92.12 169.12901 92.075 -0.23709999 0.8702 178.72389 -0.333 164.49179 -10.7592 2.2556999 -8.2451 79.2187 4.4354997 -5.0964 21.4546 0.0030999999 0 175.847 -0.7392 174.0508 -14.5102 -4.1370997 4.6755 80.4098 -1.6395999 6.5516996 21.4546 -0.0030999999 -0 5.9902997 0.4227 -0.4057 1.9648 0.8516 -0.80429995 1.6466999 0.8472 -0.8095 -6.9275 -9.495299 2.1447 3.0509999 4.2888 -3.4276 -160.663 -72.557 -21.241299 -26.0492 55.9881 18.2123 -25.8077 -7.2037997 0.6502 12.7199 -8.2647 33.2206 -162.8674 73.7775 18.9557 -8.8045 -54.4916 -32.8196 -32.6044 14.6081 -1.2839999 10.126699 2.4965 -11.444099
143.362 92.117004 169.139 92.0652 -0.236 0.78999996 178.7233 -0.32999998 164.4644 -10.783199 2.2473 -8.273399 79.2482 4.4579 -5.0906 21.4546 0.0030999999 0 175.82289 -0.7272 173.99579 -14.5344 -4.1147 4.6584 80.4114 -1.6298 6.5452 21.4546 -0.0030999999 -0 5.9969997 0.42279997 -0.4168 1.9779999 0.8523 -0.8267 1.6599 0.84749997 -0.8318 -6.9813 -9.5047 2.1018999 3.0425 4.3206997 -3.4831 -160.69449 -72.5721 -21.2087 -26.181 56.009098 18.158699 -25.8527 -7.2072 0.6508 12.751599 -8.24 33.1714 -162.8218 73.754295 19.002699 -8.7906 -54.4889 -32.8316 -32.5803 14.5878 -1.282 10.1045 2.5052 -11.4677
143.378 92.115005 169.15201 92.049095 -0.2351 0.7125 178.7298 -0.32529998 164.4412 -10.807099 2.2356 -8.3032 79.2779 4.482 -5.0821 21.4546 0.0030999999 -0 175.8071 -0.7129 173.9439 -14.5567 -4.0945 4.6412997 80.4125 -1.619 6.5418997 21.4546 -0.0030999999 -0 6.0046 0.4229 -0.4271 1.9933 0.8531 -0.8472 1.6753 0.8481 -0.8523 -7.0192 -9.5084 2.0558 3.0372 4.3505 -3.537 -160.7322 -72.5867 -21.169699 -26.3191 56.0378 18.0735 -25.903599 -7.2187996 0.6522 12.775399 -8.2224 33.1176 -162.8075 73.730896 19.0175 -8.7645 -54.4837 -32.8488 -32.5559 14.5687 -1.2803 10.0891 2.5275 -11.5076
143.39401 92.11201 169.17001 92.0317 -0.2346 0.6375 178.737 -0.318 164.41359 -10.8309 2.2254999 -8.330299 79.304794 4.5043 -5.0724998 21.4546 0.0030999999 -0 175.79509 -0.69769996 173.89119 -14.5755 -4.078 4.6263 80.411095 -1.6084 6.5434 21.4546 -0.0030999999 -0 6.0120997 0.42319998 -0.43649998 2.0081 0.854 -0.86579996 1.6901 0.84889996 -0.8709 -7.0390997 -9.5082 2.0054998 3.0291 4.377 -3.5907998 -160.7798 -72.603195 -21.1206 -26.4552 56.0725 17.973799 -25.9637 -7.2373 0.6544 12.784599 -8.217999 33.066097 -162.81299 73.708496 19.0122 -8.7328 -54.4773 -32.8729 -32.5267 14.5496 -1.2787 10.081699 2.5549 -11.548599
143.41 92.11 169.19 92.0189 -0.2347 0.5636 178.7381 -0.30789998 164.3737 -10.854 2.2217 -8.3508 79.3274 4.5217 -5.0632 21.4546 0.0030999999 -0 175.7798 -0.6839 173.8349 -14.5911 -4.0664997 4.6145997 80.4059 -1.5984 6.5504 21.4546 -0.0030999999 -0 6.0178 0.42389998 -0.4447 2.0196 0.85529995 -0.8821 1.7014999 0.8501 -0.8872 -7.0443997 -9.508699 1.9514999 3.0161998 4.4007998 -3.6467 -160.83879 -72.6217 -21.059599 -26.5809 56.1097 17.8814 -26.038898 -7.2632 0.6573 12.781 -8.2303 33.0104 -162.8183 73.688896 19.006899 -8.705 -54.471897 -32.9039 -32.489998 14.529799 -1.2774 10.080999 2.5746999 -11.5715
143.429 92.109 169.21301 92.0131 -0.2367 0.4883 178.7329 -0.2968 164.3163 -10.8723 2.2238998 -8.3623 79.3455 4.5326 -5.0534997 21.4546 0.0030999999 0 175.7576 -0.6734 173.7757 -14.605 -4.0606 4.6043997 80.3969 -1.5881 6.5618997 21.4546 -0.0030999999 -0 6.0214996 0.4253 -0.4517 2.0269 0.8581 -0.8962 1.7088 0.85279995 -0.90139997 -7.0428996 -9.5191 1.8971 3.0012999 4.4263997 -3.7075999 -160.9041 -72.6389 -20.992199 -26.6896 56.1466 17.8079 -26.1349 -7.2970996 0.6611 12.769099 -8.2616 32.9503 -162.80899 73.673096 19.0166 -8.6875 -54.468597 -32.940098 -32.4479 14.511499 -1.2763 10.0831995 2.5764 -11.566999
143.44801 92.108 169.23701 92.014 -0.2417 0.4096 178.72389 -0.2865 164.24089 -10.8827 2.2296 -8.3654995 79.3596 4.5378 -5.0424 21.4546 0.0030999999 0 175.7275 -0.66719997 173.7161 -14.6187 -4.0594997 4.5929 80.3851 -1.5761 6.5758996 21.4546 -0.0030999999 -0 6.0232997 0.42769998 -0.4578 2.0304 0.8631 -0.9084 1.7123 0.8577 -0.91359997 -7.0417 -9.547 1.8455 2.9882 4.4579 -3.7754 -160.9675 -72.6515 -20.9268 -26.777699 56.180897 17.757 -26.255499 -7.3374996 0.66569996 12.7534 -8.3118 32.8914 -162.7773 73.6606 19.0493 -8.6831 -54.4674 -32.9781 -32.404697 14.4969 -1.2753999 10.0847 2.5551999 -11.534599
143.46701 92.107 169.263 92.0179 -0.2488 0.3272 178.7144 -0.278 164.1591 -10.888599 2.2349 -8.3673 79.3716 4.542 -5.0308 21.4546 0.0030999999 -0 175.6926 -0.6631 173.6606 -14.634 -4.0589 4.5771 80.372894 -1.5608 6.5899997 21.4546 -0.0030999999 -0 6.0242 0.43089998 -0.4632 2.0321 0.8696 -0.91889995 1.714 0.8642 -0.9242 -7.0432997 -9.590799 1.7975999 2.9787 4.4944997 -3.8485 -161.0192 -72.6594 -20.8736 -26.8464 56.211098 17.7201 -26.3996 -7.378 0.67069995 12.7376995 -8.374499 32.8511 -162.7292 73.6476 19.098799 -8.688499 -54.4678 -33.013 -32.3653 14.4871 -1.2746999 10.0857 2.5214999 -11.4885
143.487 92.105 169.289 92.0213 -0.2568 0.24149999 178.7065 -0.271 164.08159 -10.8945 2.2368 -8.3735 79.3836 4.5492997 -5.0196 21.4546 0.0030999999 -0 175.6557 -0.65849996 173.6126 -14.653199 -4.0565 4.5548997 80.3629 -1.5417 6.6022997 21.4546 -0.0030999999 -0 6.0249996 0.4344 -0.46789998 2.0337 0.87659997 -0.9284 1.7156 0.87119997 -0.93369997 -7.0483 -9.645599 1.7538999 2.9733999 4.5345 -3.9238 -161.0547 -72.6635 -20.8371 -26.8991 56.2356 17.6883 -26.561499 -7.4129996 0.6756 12.7232 -8.4393 32.8395 -162.67279 73.6313 19.1569 -8.7003 -54.4692 -33.0393 -32.3322 14.4816 -1.2741 10.0862 2.4881 -11.4439
143.505 92.103004 169.31601 92.0224 -0.2643 0.1547 178.7004 -0.2642 164.0125 -10.9039 2.2347999 -8.3855 79.3976 4.5604997 -5.0088997 21.4546 0.0030999999 -0 175.6176 -0.6507 173.573 -14.679 -4.0545 4.5267 80.3567 -1.5191 6.6126 21.4546 -0.0030999999 -0 6.0263996 0.4375 -0.47239998 2.0363998 0.8829 -0.93729997 1.7184 0.8774 -0.94259995 -7.0562 -9.7035 1.7141999 2.9722998 4.5762997 -3.9973998 -161.0795 -72.6649 -20.811499 -26.940699 56.2528 17.6565 -26.73 -7.4405 0.6802 12.7076 -8.4909 32.8512 -162.61479 73.611694 19.2166 -8.716 -54.4715 -33.0523 -32.3036 14.479099 -1.2736 10.0851 2.4673 -11.411799
143.52301 92.101006 169.345 92.0208 -0.2708 0.0673 178.6951 -0.257 163.9466 -10.9184 2.2309 -8.399799 79.4144 4.5733 -4.9986 21.4546 0.0030999999 -0 175.57869 -0.6404 173.538 -14.7119 -4.0536 4.4951 80.354095 -1.4945999 6.6221 21.4546 -0.0030999999 -0 6.0287 0.43969998 -0.47669998 2.0409 0.8874 -0.94579995 1.7227999 0.8818 -0.9511 -7.067 -9.7535 1.6769999 2.9743 4.6151 -4.0643997 -161.0997 -72.667 -20.790699 -26.976398 56.262897 17.627699 -26.8933 -7.462 0.6843 12.690499 -8.523399 32.869198 -162.5596 73.5898 19.2734 -8.735499 -54.4757 -33.0506 -32.278297 14.4768 -1.2731 10.0815 2.4624999 -11.3944
143.541 92.09801 169.37401 92.017395 -0.2769 -0.022 178.6897 -0.2496 163.86949 -10.937099 2.2289999 -8.408999 79.4333 4.5825 -4.9886 21.4546 0.0030999999 0 175.539 -0.6308 173.4998 -14.7497 -4.0534997 4.4648 80.353195 -1.4705 6.6334996 21.4546 -0.0030999999 -0 6.0316997 0.44059998 -0.4806 2.0469 0.8892 -0.9536 1.7287999 0.8835 -0.959 -7.082 -9.7834 1.6393 2.9785 4.6445 -4.1205 -161.1203 -72.6739 -20.769499 -27.0114 56.267498 17.6118 -27.0404 -7.4817996 0.6881 12.6737995 -8.5405 32.8689 -162.5094 73.5673 19.3252 -8.760799 -54.483597 -33.0374 -32.256298 14.4712 -1.2727 10.0752 2.4684 -11.385099
143.559 92.095 169.40302 92.013 -0.2837 -0.1173 178.6852 -0.2436 163.7685 -10.9569 2.2312 -8.4077 79.453094 4.584 -4.9802 21.4546 0.0030999999 0 175.4995 -0.62729996 173.44899 -14.789599 -4.0587 4.4396 80.351395 -1.4488 6.6493998 21.4546 -0.0030999999 -0 6.0353 0.4405 -0.4838 2.054 0.8889 -0.96 1.7358999 0.8832 -0.96529996 -7.1046996 -9.7963 1.6032 2.9864 4.6672997 -4.1661997 -161.1424 -72.6836 -20.7466 -27.0481 56.2659 17.615099 -27.163198 -7.5021 0.6915 12.6595 -8.5480995 32.8449 -162.4653 73.5494 19.3708 -8.7918 -54.4978 -33.022697 -32.2401 14.464999 -1.2724 10.067699 2.4738 -11.3748
143.57701 92.092 169.43102 92.0078 -0.2929 -0.22399999 178.68379 -0.24129999 163.6358 -10.974 2.238 -8.3945 79.472 4.5762 -4.9755 21.4546 0.0030999999 -0 175.4608 -0.6353 173.37689 -14.8291 -4.0755997 4.4221 80.346695 -1.4305999 6.6713 21.4546 -0.0030999999 -0 6.0392 0.43989998 -0.48569998 2.0619 0.8878 -0.9637 1.7437999 0.8821 -0.9691 -7.139 -9.8034 1.5725 3.0012999 4.6909 -4.2049 -161.164 -72.6907 -20.7243 -27.0877 56.256298 17.639599 -27.2554 -7.5234 0.69449997 12.6493 -8.5515995 32.804398 -162.4278 73.5419 19.4093 -8.8266 -54.5212 -33.02 -32.2339 14.4647 -1.2721 10.0615 2.4658 -11.3546
143.59401 92.088005 169.45601 92.002495 -0.3041 -0.3468 178.68689 -0.24229999 163.4836 -10.9872 2.2461998 -8.379 79.489395 4.5653996 -4.9758 21.4546 0.0030999999 -0 175.4213 -0.65529996 173.2795 -14.870399 -4.1042 4.4119 80.3397 -1.4158 6.699 21.4546 -0.0030999999 -0 6.0432 0.43879998 -0.48569998 2.07 0.886 -0.9637 1.7519 0.8803 -0.969 -7.1854 -9.8125 1.5486 3.0254998 4.7195997 -4.24 -161.1788 -72.6924 -20.709099 -27.1294 56.2383 17.6745 -27.3133 -7.5425 0.69659996 12.6437 -8.5507 32.7649 -162.3973 73.545 19.4406 -8.8629 -54.555397 -33.0403 -32.2392 14.479 -1.2717999 10.0595 2.4387 -11.3252
143.61 92.08401 169.48001 91.9972 -0.3161 -0.4877 178.6949 -0.24499999 163.33429 -10.9958 2.2521 -8.3758 79.5049 4.5617 -4.9824 21.4546 0.0030999999 -0 175.37889 -0.68549997 173.15779 -14.9164 -4.1425 4.4065 80.3322 -1.4031 6.731 21.4546 -0.0030999999 -0 6.047 0.43719998 -0.4836 2.0774 0.8828 -0.95949996 1.7593 0.8771 -0.9648 -7.2426 -9.827499 1.531 3.0612 4.7559 -4.2741 -161.1819 -72.6884 -20.7059 -27.1705 56.2128 17.7071 -27.3351 -7.5551 0.69729996 12.6425 -8.543 32.742798 -162.3739 73.556 19.4645 -8.899 -54.600197 -33.086597 -32.256 14.512199 -1.2716 10.062799 2.393 -11.292299
143.626 92.079 169.501 91.9918 -0.32709998 -0.64309996 178.7081 -0.2456 163.22209 -10.9994 2.2525 -8.4029 79.517395 4.5769 -4.9974 21.4546 0.0030999999 0 175.3326 -0.7209 173.0214 -14.969199 -4.1868 4.4019 80.326195 -1.3906 6.7644997 21.4546 -0.0030999999 -0 6.0501 0.43429998 -0.48009998 2.0837 0.8768 -0.9525 1.7656 0.87109995 -0.9578 -7.3066998 -9.8453 1.5164 3.1083999 4.7985997 -4.3080997 -161.1771 -72.681496 -20.710999 -27.203299 56.180897 17.7292 -27.3225 -7.5572 0.6971 12.6456995 -8.5273 32.7427 -162.3581 73.5681 19.4806 -8.936399 -54.6518 -33.1428 -32.280598 14.554999 -1.2713 10.0678 2.3397 -11.2669
143.641 92.074005 169.52101 91.985794 -0.33609998 -0.80689996 178.72679 -0.2409 163.17079 -10.9973 2.2465 -8.4711 79.525696 4.6184 -5.0213 21.4546 0.0030999999 0 175.2844 -0.75659996 172.88069 -15.0266 -4.2318997 4.3946 80.3222 -1.3766999 6.7963 21.4546 -0.0030999999 -0 6.0525 0.4294 -0.47619998 2.0887 0.867 -0.94479996 1.7706 0.86139995 -0.95 -7.3725996 -9.861899 1.5013 3.1639 4.8451 -4.3424 -161.1769 -72.6742 -20.711199 -27.217999 56.1432 17.7379 -27.2796 -7.5473 0.69619995 12.6524 -8.5062 32.764297 -162.3498 73.5758 19.4891 -8.9774 -54.7052 -33.1881 -32.309498 14.592999 -1.2709999 10.07 2.2921999 -11.2574
143.654 92.07001 169.54001 91.9778 -0.3439 -0.97179997 178.75189 -0.2305 163.1847 -10.9882 2.2361999 -8.5786 79.5288 4.6853 -5.0526 21.4546 0.0030999999 0 175.23979 -0.7884 172.74399 -15.0817995 -4.2707 4.3831997 80.3185 -1.3613 6.8226 21.4546 -0.0030999999 -0 6.0544 0.42279997 -0.47309998 2.0925999 0.8537 -0.93869996 1.7745 0.84819996 -0.9438 -7.4339 -9.8744 1.4833 3.2196999 4.8915997 -4.377 -161.2049 -72.666695 -20.682499 -27.203299 56.0999 17.7377 -27.2129 -7.5273 0.69409996 12.6595 -8.4885 32.802498 -162.3483 73.5763 19.490599 -9.0245 -54.754597 -33.1993 -32.3401 14.6079 -1.2708 10.0647 2.2644 -11.266299
143.666 92.067 169.557 91.9674 -0.3529 -1.1322 178.78279 -0.2174 163.2489 -10.972899 2.2245 -8.713799 79.527596 4.7697997 -5.0896997 21.4546 0.0030999999 0 175.2038 -0.8145 172.6135 -15.1256 -4.2957997 4.3687997 80.3116 -1.3462 6.8398 21.4546 -0.0030999999 -0 6.0558 0.4152 -0.4718 2.0959 0.83849996 -0.93619996 1.7779 0.833 -0.94119996 -7.4894 -9.882999 1.4623 3.2707999 4.9357 -4.4117 -161.26149 -72.659996 -20.6243 -27.159399 56.055 17.7306 -27.1271 -7.5009 0.6908 12.6637 -8.4808 32.8513 -162.3579 73.5709 19.4807 -9.0766 -54.7977 -33.167698 -32.3728 14.5919 -1.2707 10.0519 2.2612998 -11.289599
143.675 92.065 169.572 91.9555 -0.3665 -1.2849 178.8165 -0.2077 163.33339 -10.955 2.2143 -8.8564 79.524796 4.8584 -5.131 21.4546 0.0030999999 -0 175.18039 -0.8351 172.486 -15.1489 -4.3002 4.3549 80.297295 -1.3342 6.8452 21.4546 -0.0030999999 -0 6.0569997 0.4077 -0.473 2.0988 0.8235 -0.93869996 1.7808 0.81799996 -0.94369996 -7.5428996 -9.890699 1.4411 3.3162 4.9767 -4.4455 -161.3255 -72.6559 -20.5585 -27.0975 56.0154 17.7159 -27.0254 -7.4729 0.6872 12.662 -8.4869995 32.904 -162.3864 73.5643 19.4515 -9.1293 -54.8355 -33.0989 -32.4105 14.548699 -1.2702 10.0356 2.2793999 -11.319099
143.68301 92.065 169.58401 91.9451 -0.3863 -1.4284999 178.8467 -0.2066 163.4073 -10.940599 2.2066998 -8.9873 79.5235 4.9391 -5.1716 21.4546 0.0030999999 -0 175.1679 -0.8516 172.3581 -15.1484995 -4.2831 4.3441997 80.2733 -1.3271999 6.8389997 21.4546 -0.0030999999 -0 6.0576997 0.40109998 -0.47669998 2.1006 0.8104 -0.94619995 1.7824999 0.8048 -0.9511 -7.601 -9.9022 1.4226999 3.3609 5.0179996 -4.4790998 -161.37439 -72.653595 -20.508299 -27.0311 55.9838 17.6954 -26.908998 -7.4459996 0.6835 12.655499 -8.499 32.9586 -162.43 73.5599 19.4068 -9.1762 -54.871098 -33.0111 -32.457 14.491699 -1.2695 10.0196 2.31 -11.3538
143.69101 92.066 169.59401 91.939896 -0.4122 -1.5626999 178.86589 -0.21769999 163.44339 -10.9361 2.2019 -9.0899 79.526695 5.0018 -5.2058997 21.4546 0.0030999999 0 175.1619 -0.86609995 172.2285 -15.125299 -4.2478 4.3382998 80.239296 -1.3256999 6.8231997 21.4546 -0.0030999999 -0 6.0578 0.3958 -0.48229998 2.1002 0.7999 -0.9575 1.7821 0.79429996 -0.9623 -7.6709 -9.9215 1.4092 3.4125998 5.0641 -4.5134997 -161.3893 -72.6509 -20.493 -26.972599 55.9595 17.673399 -26.779 -7.4219 0.6798 12.6479 -8.5048 33.0137 -162.47809 73.5598 19.357399 -9.2107 -54.9083 -32.9276 -32.5149 14.437799 -1.2687 10.0063 2.3436 -11.3967
143.70001 92.06901 169.60101 91.942 -0.44149998 -1.6869999 178.872 -0.23869999 163.4318 -10.941 2.2001998 -9.158 79.5347 5.0427 -5.2321997 21.4546 0.0030999999 0 175.1577 -0.8795 172.10219 -15.0842 -4.2030997 4.3353 80.197 -1.3271999 6.8022 21.4546 -0.0030999999 -0 6.0565 0.3913 -0.4887 2.0967 0.79109997 -0.9705 1.7786 0.7854 -0.9752 -7.7556996 -9.9473 1.4002 3.475 5.117 -4.549 -161.3681 -72.6465 -20.5148 -26.925 55.9391 17.6586 -26.639599 -7.4003 0.67609996 12.6442995 -8.4993 33.060497 -162.51509 73.561295 19.3193 -9.230599 -54.946697 -32.866898 -32.581898 14.3956995 -1.2678 9.9942 2.3774 -11.4507
143.709 92.073006 169.60701 91.9515 -0.4711 -1.8014 178.8663 -0.2651 163.3734 -10.951099 2.2021 -9.1921 79.5459 5.062 -5.2506 21.4546 0.0030999999 -0 175.15219 -0.89229995 171.9865 -15.0313 -4.158 4.3317 80.1494 -1.3284 6.7797 21.4546 -0.0030999999 -0 6.0532 0.387 -0.49499997 2.09 0.7826 -0.98319995 1.772 0.7768 -0.98789996 -7.8546 -9.976399 1.3939999 3.5474 5.1772 -4.5857 -161.3217 -72.6394 -20.5627 -26.8841 55.9186 17.657999 -26.497 -7.3806 0.6724 12.6488 -8.4814 33.091198 -162.5288 73.5608 19.305399 -9.2359 -54.9841 -32.8404 -32.6527 14.3687 -1.2669 9.980599 2.4115999 -11.516
143.71901 92.078 169.613 91.9663 -0.49859998 -1.9065 178.8554 -0.2907 163.28459 -10.957399 2.2085 -9.2028 79.5554 5.0664 -5.2634 21.4546 0.0030999999 -0 175.1455 -0.9034 171.8878 -14.971499 -4.1177 4.324 80.0992 -1.3263 6.758 21.4546 -0.0030999999 -0 6.0485997 0.3822 -0.5003 2.0811 0.7729 -0.99399996 1.763 0.7671 -0.99859995 -7.9610996 -10.0043 1.3881999 3.6213 5.243 -4.6232 -161.2796 -72.6297 -20.605999 -26.8364 55.895397 17.6724 -26.360498 -7.3623996 0.66899997 12.661699 -8.4546995 33.1051 -162.5176 73.5567 19.3169 -9.230599 -55.016598 -32.8455 -32.7182 14.3509 -1.2659 9.9632 2.4479 -11.5861
143.729 92.08301 169.619 91.9834 -0.523 -2.0035 178.84549 -0.3109 163.185 -10.953 2.2194998 -9.203 79.559395 5.0641 -5.2732997 21.4546 0.0030999999 0 175.13829 -0.91169995 171.8086 -14.908999 -4.0835 4.3097 80.0489 -1.3191999 6.7373 21.4546 -0.0030999999 -0 6.0435 0.37649998 -0.50409997 2.0708 0.76159996 -1.0018 1.7528 0.7557 -1.0063 -8.0682 -10.027599 1.3806 3.6861 5.3129997 -4.6612997 -161.2664 -72.6192 -20.6197 -26.7722 55.8703 17.6981 -26.236198 -7.3457 0.6659 12.6807995 -8.427899 33.103798 -162.48909 73.5499 19.346199 -9.2181 -55.041798 -32.8737 -32.7697 14.3355 -1.2649 9.941299 2.4865 -11.653299
143.73901 92.089005 169.62502 92.000496 -0.5448 -2.095 178.84059 -0.3243 163.0959 -10.936 2.2336 -9.2069 79.556496 5.0639997 -5.2834997 21.4546 0.0030999999 0 175.1317 -0.9163 171.74579 -14.846499 -4.0515 4.289 80.0001 -1.3077999 6.7162 21.4546 -0.0030999999 -0 6.0382 0.37 -0.5063 2.0604 0.74869996 -1.0059999 1.7422999 0.7428 -1.0105 -8.1705 -10.0446 1.3701 3.731 5.3863997 -4.7005997 -161.2943 -72.6122 -20.591099 -26.6905 55.849598 17.7274 -26.124699 -7.331 0.66319996 12.701099 -8.415299 33.090797 -162.4606 73.5438 19.375599 -9.2008 -55.059 -32.9122 -32.800198 14.316 -1.2638999 9.9163 2.5247 -11.71
143.748 92.094 169.632 92.017 -0.5653 -2.1822999 178.8405 -0.3324 163.0316 -10.9092 2.2482 -9.2233 79.548096 5.0719 -5.2957 21.4546 0.0030999999 0 175.1257 -0.9181 171.6939 -14.7848 -4.0190997 4.2641997 79.9528 -1.2939 6.694 21.4546 -0.0030999999 -0 6.0332 0.3633 -0.5072 2.0503 0.7351 -1.0073999 1.7321999 0.7292 -1.0117999 -8.265699 -10.0574 1.3551999 3.7505 5.4642997 -4.7436 -161.3586 -72.611595 -20.524899 -26.597599 55.8381 17.7543 -26.0239 -7.319 0.6608 12.7168 -8.4203 33.076298 -162.4451 73.5428 19.391499 -9.1796 -55.0697 -32.9515 -32.8087 14.290899 -1.2629 9.8927 2.5584 -11.7542
143.75601 92.100006 169.638 92.0339 -0.58599997 -2.2651 178.8414 -0.3389 162.9991 -10.878699 2.26 -9.2556 79.536896 5.0903 -5.3097997 21.4546 0.0030999999 -0 175.11989 -0.9192 171.6455 -14.722799 -3.9852998 4.2398 79.906 -1.2804999 6.6713 21.4546 -0.0030999999 -0 6.0281997 0.3567 -0.5074 2.0405 0.722 -1.0074999 1.7224 0.71599996 -1.0117999 -8.3546 -10.0716 1.3341 3.7440999 5.5494 -4.7952 -161.4418 -72.618095 -20.439299 -26.506199 55.838898 17.7749 -25.930399 -7.31 0.6587 12.7226 -8.4358 33.0752 -162.4509 73.550095 19.3855 -9.153999 -55.075798 -32.985798 -32.7996 14.2626 -1.262 9.876699 2.5827 -11.788899
143.766 92.106 169.643 92.0526 -0.60749996 -2.3414 178.83969 -0.3466 162.995 -10.8488 2.268 -9.2999 79.525 5.1169 -5.3248 21.4546 0.0030999999 -0 175.11479 -0.9223 171.5969 -14.6577 -3.9520998 4.2197 79.857796 -1.2696999 6.6499 21.4546 -0.0030999999 -0 6.0234 0.3507 -0.5072 2.0309 0.70989996 -1.0066 1.7127999 0.704 -1.0109 -8.4398 -10.091499 1.3041999 3.7150998 5.6450996 -4.8610997 -161.52519 -72.6298 -20.3533 -26.4285 55.8491 17.7875 -25.8435 -7.3005 0.65669996 12.7238 -8.452 33.0938 -162.4769 73.5647 19.358599 -9.1236 -55.0766 -33.0148 -32.7796 14.234699 -1.2612 9.8719 2.5944998 -11.8188
143.776 92.11201 169.647 92.074196 -0.62979996 -2.4075 178.8324 -0.3568 163.0101 -10.821799 2.2725 -9.3489 79.5131 5.147 -5.3388 21.4546 0.0030999999 0 175.1111 -0.92899996 171.5475 -14.586599 -3.9229999 4.2068 79.806595 -1.2629 6.6319 21.4546 -0.0030999999 -0 6.0186996 0.3454 -0.5067 2.0214 0.6992 -1.0051 1.7034 0.6932 -1.0094 -8.524 -10.1205 1.262 3.6687999 5.7549 -4.9463997 -161.5945 -72.6439 -20.2819 -26.374199 55.863197 17.7918 -25.7649 -7.2857 0.65419996 12.729 -8.4584 33.131298 -162.5165 73.5828 19.317799 -9.0880995 -55.0699 -33.040897 -32.7553 14.2109995 -1.2605 9.8793 2.5914 -11.8469
143.787 92.118004 169.649 92.0978 -0.65169996 -2.4605 178.81949 -0.3681 163.03299 -10.7975 2.2761 -9.3942995 79.5008 5.1752996 -5.3504 21.4546 0.0030999999 0 175.1097 -0.9377 171.5026 -14.510699 -3.8983998 4.1995997 79.7531 -1.2591 6.6175 21.4546 -0.0030999999 -0 6.0141997 0.3405 -0.50589997 2.0126998 0.6893 -1.0034 1.6946 0.6834 -1.0074999 -8.6046 -10.159599 1.2047 3.613 5.8792996 -5.0539 -161.6527 -72.657196 -20.221899 -26.3428 55.875397 17.7885 -25.699999 -7.2648997 0.65169996 12.7367 -8.447 33.1741 -162.5564 73.600494 19.2767 -9.0506 -55.0548 -33.0667 -32.7289 14.1945 -1.2599 9.8969 2.5695 -11.8674
143.8 92.12401 169.65201 92.1214 -0.6717 -2.4984 178.8024 -0.37809998 163.0533 -10.7753 2.2814 -9.4293995 79.4874 5.1974 -5.3581 21.4546 0.0030999999 0 175.11049 -0.945 171.46869 -14.4338 -3.8779 4.1952 79.6997 -1.2564 6.6060996 21.4546 -0.0030999999 -0 6.0105996 0.3357 -0.5051 2.0054 0.67969996 -1.0018 1.6873 0.6738 -1.0058 -8.677199 -10.208099 1.1310999 3.5549 6.0175 -5.1833 -161.7085 -72.6678 -20.1644 -26.3284 55.8825 17.7788 -25.655699 -7.2395 0.6494 12.7442 -8.417399 33.2076 -162.58699 73.6155 19.2451 -9.014299 -55.0314 -33.092197 -32.7006 14.1865 -1.2594 9.9208 2.527 -11.873099
143.813 92.131004 169.656 92.141 -0.68799996 -2.5228 178.7856 -0.3839 163.0634 -10.755099 2.2897 -9.4507 79.473595 5.2109 -5.3613 21.4546 0.0030999999 -0 175.1119 -0.94759995 171.45 -14.3638 -3.8595 4.1899 79.6511 -1.2528 6.5969 21.4546 -0.0030999999 -0 6.0083 0.33069998 -0.5045 2.0009 0.66969997 -1.0006 1.6827999 0.6638 -1.0047 -8.7371 -10.2628 1.0437 3.5003998 6.1675997 -5.3294997 -161.7713 -72.6756 -20.0996 -26.3207 55.8862 17.7645 -25.6397 -7.2137 0.648 12.751599 -8.384399 33.2222 -162.6113 73.629 19.22 -8.9809 -55.002 -33.1114 -32.6689 14.1845 -1.2587999 9.945399 2.4675999 -11.8586
143.82701 92.135 169.662 92.1538 -0.6994 -2.5355 178.77179 -0.38459998 163.0589 -10.7386 2.3007 -9.4566 79.4608 5.2148 -5.3599 21.4546 0.0030999999 0 175.1124 -0.94409996 171.4498 -14.309 -3.8437998 4.1805997 79.612 -1.2465 6.5894 21.4546 -0.0030999999 -0 6.0081 0.3251 -0.5043 2.0005 0.65849996 -1.0004 1.6825 0.6526 -1.0044 -8.7793 -10.321199 0.9457 3.4510999 6.3275 -5.4874997 -161.84909 -72.683495 -20.0196 -26.3118 55.89 17.75 -25.6552 -7.1928 0.64739996 12.758699 -8.3596 33.216 -162.6358 73.6421 19.1947 -8.9524 -54.968 -33.1203 -32.633 14.185599 -1.2583 9.965899 2.3999999 -11.823299
143.841 92.13901 169.669 92.1585 -0.7054 -2.5377 178.76059 -0.38149998 163.03929 -10.729799 2.3128998 -9.447599 79.4509 5.2093997 -5.3540998 21.4546 0.0030999999 -0 175.111 -0.93659997 171.4701 -14.2772 -3.8339 4.1658998 79.586 -1.2364 6.5843 21.4546 -0.0030999999 -0 6.0102 0.3186 -0.5044 2.0049 0.6455 -1.0018 1.6868 0.6396 -1.0057 -8.7989 -10.382299 0.8397 3.4036 6.4947996 -5.6538 -161.9458 -72.6979 -19.92 -26.298698 55.899 17.7433 -25.6989 -7.1835 0.64739996 12.763499 -8.3461 33.1967 -162.66989 73.654495 19.1596 -8.9306 -54.9296 -33.1187 -32.5938 14.186299 -1.2577 9.9795 2.3384 -11.7727995
143.85501 92.14001 169.67601 92.156 -0.7068 -2.5316 178.75029 -0.3768 163.00609 -10.7311 2.3251998 -9.4256 79.4451 5.1960998 -5.3447 21.4546 0.0030999999 -0 175.10559 -0.92829996 171.5105 -14.2704 -3.8330998 4.1453 79.5736 -1.2218 6.5825 21.4546 -0.0030999999 -0 6.0144 0.3114 -0.5053 2.0133 0.63119996 -1.0052 1.6952 0.6252 -1.009 -8.792399 -10.451099 0.72789997 3.3535 6.6682997 -5.8283 -162.0576 -72.719696 -19.804699 -26.2832 55.914097 17.7482 -25.7626 -7.1867 0.648 12.7661 -8.3413 33.1762 -162.7224 73.6683 19.1055 -8.913899 -54.887897 -33.110798 -32.5543 14.1859 -1.2571 9.986199 2.2946 -11.716
143.871 92.14001 169.68102 92.1491 -0.7051 -2.5197 178.7383 -0.3725 162.9628 -10.743 2.337 -9.3941 79.443695 5.1766996 -5.3332996 21.4546 0.0030999999 -0 175.0943 -0.9227 171.568 -14.285899 -3.8439 4.1196 79.5728 -1.2032 6.5843997 21.4546 -0.0030999999 -0 6.0199 0.3041 -0.50769997 2.0242 0.6167 -1.0103999 1.7061 0.6107 -1.0141 -8.7578 -10.536099 0.6121 3.2967 6.8469996 -6.0137997 -162.1744 -72.745895 -19.6842 -26.2698 55.932697 17.7651 -25.834799 -7.1994996 0.6497 12.768 -8.3385 33.1669 -162.8001 73.687 19.0256 -8.8987 -54.8452 -33.1039 -32.518898 14.1851 -1.2566 9.9882 2.2763999 -11.664
143.88701 92.13801 169.68501 92.140396 -0.7018 -2.5042 178.7233 -0.36949998 162.9171 -10.762899 2.3481 -9.3589 79.444 5.1548 -5.3213 21.4546 0.0030999999 -0 175.0774 -0.92109996 171.6362 -14.3165 -3.8646 4.0912 79.5796 -1.1819999 6.5895 21.4546 -0.0030999999 -0 6.0256 0.29709998 -0.51089996 2.0356998 0.6027 -1.0167999 1.7177 0.5967 -1.0203999 -8.698999 -10.639 0.49089998 3.2377 7.0281997 -6.2116 -162.2883 -72.7745 -19.5667 -26.2621 55.952198 17.792799 -25.9086 -7.2187 0.6523 12.7694 -8.3343 33.164497 -162.8924 73.71 18.9305 -8.885099 -54.8041 -33.0994 -32.4902 14.184299 -1.2560999 9.9867 2.2800999 -11.6276
143.90501 92.136 169.688 92.132095 -0.6978 -2.4872 178.70529 -0.3673 162.877 -10.786699 2.3583999 -9.326099 79.442696 5.1345 -5.3099 21.4546 0.0030999999 -0 175.0571 -0.9228 171.707 -14.3533 -3.8911998 4.0631 79.589 -1.1606 6.5968 21.4546 -0.0030999999 -0 6.0309 0.2904 -0.5141 2.0465 0.5894 -1.0231999 1.7284 0.5834 -1.0267 -8.622499 -10.7574 0.3621 3.1848998 7.2096 -6.422 -162.3926 -72.8035 -19.4592 -26.2619 55.970497 17.8281 -25.98 -7.2412 0.6552 12.7689 -8.3277 33.1585 -162.9812 73.7355 18.8391 -8.8751 -54.767097 -33.0953 -32.4696 14.183399 -1.2557 9.981999 2.2967 -11.6151
143.92201 92.133 169.69101 92.1239 -0.6936 -2.4706 178.6872 -0.36409998 162.8468 -10.8101 2.368 -9.2993 79.4403 5.118 -5.2995 21.4546 0.0030999999 -0 175.0382 -0.9253 171.7724 -14.387 -3.9190998 4.0381 79.5968 -1.1408 6.6053996 21.4546 -0.0030999999 -0 6.0355997 0.2841 -0.5171 2.0557 0.57699996 -1.0292 1.7377 0.57089996 -1.0327 -8.5358 -10.8867 0.22659999 3.1476998 7.3925 -6.6422 -162.48349 -72.827896 -19.3655 -26.2654 55.9853 17.8634 -26.0493 -7.2648997 0.6581 12.764 -8.321199 33.1442 -163.0482 73.7621 18.770199 -8.8719 -54.7371 -33.0873 -32.457 14.1824 -1.2554 9.9737 2.3174 -11.6244
143.94 92.132 169.695 92.115 -0.6893 -2.4562 178.67209 -0.3585 162.827 -10.8296995 2.3769999 -9.28 79.4378 5.1066 -5.2897 21.4546 0.0030999999 -0 175.02519 -0.926 171.82559 -14.4108 -3.9441 4.0185 79.5998 -1.1244999 6.6145997 21.4546 -0.0030999999 -0 6.0393996 0.2782 -0.5197 2.0633 0.5653 -1.0346 1.7451999 0.5592 -1.038 -8.4445 -11.0208 0.0859 3.1316 7.5782 -6.8679 -162.5605 -72.8443 -19.2862 -26.2684 55.995598 17.8918 -26.116999 -7.2878 0.6605 12.753799 -8.3162 33.1201 -163.08159 73.7881 18.7355 -8.8782 -54.715 -33.0713 -32.452698 14.1817 -1.2551999 9.9625 2.3371 -11.6491995
143.95601 92.131004 169.701 92.1047 -0.6847 -2.4457 178.6617 -0.3502 162.8134 -10.844399 2.3848999 -9.2666 79.4358 5.0993 -5.2797 21.4546 0.0030999999 -0 175.0201 -0.92329997 171.8625 -14.4219 -3.9636 4.0052 79.5969 -1.1123999 6.6239 21.4546 -0.0030999999 -0 6.0421996 0.2726 -0.522 2.0692 0.5542 -1.0390999 1.7511 0.5481 -1.0425 -8.3506 -11.1517 -0.0581 3.1325998 7.7654 -7.0934997 -162.6281 -72.8534 -19.2165 -26.2678 56.0023 17.9102 -26.182 -7.3086 0.6622 12.7423 -8.3102 33.087997 -163.0851 73.8111 18.7318 -8.8949995 -54.6984 -33.0457 -32.457798 14.1812 -1.255 9.9524 2.3592 -11.6804
143.97101 92.131004 169.70901 92.092896 -0.6802 -2.4401 178.65619 -0.3407 162.8004 -10.8551 2.3903 -9.2562 79.4341 5.0945997 -5.2682 21.4546 0.0030999999 0 175.0222 -0.917 171.8821 -14.421499 -3.9764998 3.9982 79.5887 -1.1046 6.6328998 21.4546 -0.0030999999 -0 6.0443 0.26749998 -0.5238 2.0735 0.54399997 -1.0426999 1.7555 0.5379 -1.046 -8.255199 -11.2746 -0.20289999 3.1438 7.9509997 -7.3146 -162.6922 -72.8571 -19.1506 -26.263199 56.0065 17.9191 -26.2405 -7.3258996 0.66319996 12.7335 -8.3003 33.0527 -163.0688 73.8303 18.7484 -8.9208 -54.684998 -33.010998 -32.4726 14.181 -1.255 9.945 2.3887 -11.712
143.98601 92.132 169.71901 92.080696 -0.676 -2.4403 178.65309 -0.3335 162.7824 -10.865399 2.3906 -9.2457 79.4329 5.0906997 -5.2537 21.4546 0.0030999999 0 175.0276 -0.9087 171.88669 -14.415 -3.9831998 3.9957998 79.5774 -1.1001999 6.641 21.4546 -0.0030999999 -0 6.046 0.26299998 -0.52489996 2.0763 0.53499997 -1.0453 1.7581999 0.52889997 -1.0485 -8.1601 -11.389299 -0.3453 3.156 8.1308 -7.5278997 -162.7592 -72.8586 -19.0817 -26.2563 56.0098 17.9221 -26.2862 -7.3377 0.6641 12.7304 -8.2838 33.021698 -163.0488 73.8473 18.768799 -8.9524 -54.6741 -32.9694 -32.495598 14.1816 -1.2551999 9.938499 2.4306 -11.743199
144.001 92.132 169.72801 92.0684 -0.6726 -2.4469 178.6507 -0.3308 162.7601 -10.8785 2.3837 -9.2359 79.433395 5.0882 -5.2366 21.4546 0.0030999999 0 175.03209 -0.90019995 171.87729 -14.408999 -3.9847999 3.9975998 79.565994 -1.0991 6.6478 21.4546 -0.0030999999 -0 6.0474 0.2593 -0.5255 2.0778 0.5276 -1.0468 1.7598 0.5214 -1.05 -8.0697 -11.4959 -0.4827 3.1669 8.3003 -7.7310996 -162.8327 -72.8619 -19.005999 -26.247099 56.014797 17.921099 -26.3165 -7.3433 0.6651 12.731999 -8.2633 33.000797 -163.03389 73.8632 18.784 -8.9889 -54.6646 -32.9225 -32.5252 14.182699 -1.2555 9.9333 2.4805999 -11.778
144.016 92.132 169.73601 92.0559 -0.6699 -2.4606 178.6478 -0.33359998 162.7388 -10.896999 2.3692 -9.2303 79.4377 5.0891 -5.2183 21.4546 0.0030999999 0 175.0324 -0.8932 171.85399 -14.4105 -3.9824 4.003 79.557594 -1.1012 6.6531997 21.4546 -0.0030999999 -0 6.0485997 0.2564 -0.5259 2.0788999 0.522 -1.0475 1.7608 0.5158 -1.0505999 -7.9907 -11.595099 -0.61359996 3.1797 8.4557 -7.9224997 -162.9142 -72.8707 -18.9221 -26.2344 56.024498 17.917099 -26.3317 -7.3429 0.666 12.7344 -8.244599 32.993298 -163.0273 73.8788 18.7906 -9.031099 -54.655697 -32.8712 -32.559498 14.184299 -1.2559 9.9307995 2.5283 -11.8213
144.031 92.131004 169.742 92.0423 -0.66789997 -2.4814 178.64499 -0.3396 162.7208 -10.9205 2.3516998 -9.230599 79.4451 5.0937 -5.2019997 21.4546 0.0030999999 0 175.0279 -0.8885 171.8241 -14.422299 -3.9778998 4.0083 79.554 -1.1039 6.6568 21.4546 -0.0030999999 -0 6.0495996 0.2543 -0.5261 2.0802999 0.5176 -1.0476 1.7623 0.5114 -1.0507 -7.9279 -11.6887 -0.73759997 3.1966999 8.599 -8.1033 -162.99849 -72.8844 -18.8353 -26.2181 56.037697 17.914099 -26.334099 -7.3388 0.66679996 12.7366 -8.2312 32.9911 -163.03299 73.8944 18.7846 -9.0779 -54.648 -32.8183 -32.5965 14.1894 -1.2566 9.9318 2.5665998 -11.866799
144.046 92.129005 169.74701 92.0269 -0.6659 -2.5087 178.64319 -0.3451 162.70639 -10.9467 2.3376 -9.2372 79.4535 5.1014 -5.1907997 21.4546 0.0030999999 0 175.0188 -0.88589996 171.7977 -14.4451 -3.9738 4.0078 79.5563 -1.1033 6.6587996 21.4546 -0.0030999999 -0 6.0506 0.25259998 -0.5263 2.0827 0.514 -1.0478 1.7645999 0.5078 -1.0509 -7.8835998 -11.7781 -0.85539997 3.2194998 8.7336 -8.2757 -163.07849 -72.9009 -18.7529 -26.1982 56.051098 17.916899 -26.3267 -7.3338 0.66749996 12.7383995 -8.224 32.983997 -163.051 73.909195 18.765999 -9.129 -54.6432 -32.766598 -32.633698 14.2014 -1.2580999 9.936299 2.5916998 -11.903299
144.061 92.12601 169.75002 92.010796 -0.66319996 -2.5419 178.6426 -0.34579998 162.6946 -10.972 2.3319 -9.2497 79.4611 5.1113997 -5.186 21.4546 0.0030999999 0 175.00499 -0.88369995 171.7873 -14.4774 -3.9731 3.9945998 79.564095 -1.0947 6.66 21.4546 -0.0030999999 -0 6.0512 0.25059998 -0.5268 2.0851998 0.5105 -1.0486 1.7671 0.5043 -1.0517 -7.8538 -11.8622 -0.9697 3.2479 8.8602 -8.441299 -163.14969 -72.9188 -18.679499 -26.1714 56.0616 17.926199 -26.3148 -7.3276 0.66819996 12.7379 -8.218599 32.972 -163.06479 73.921295 18.751799 -9.1879 -54.643497 -32.7178 -32.6679 14.220599 -1.2602999 9.943 2.606 -11.9198
144.074 92.123 169.753 91.9953 -0.65929997 -2.5804 178.6424 -0.3394 162.6837 -10.9936 2.3365998 -9.2669 79.4668 5.1228 -5.1875997 21.4546 0.0030999999 0 174.9854 -0.8807 171.7997 -14.517099 -3.9778998 3.9650998 79.576996 -1.0755 6.6611 21.4546 -0.0030999999 -0 6.0512 0.2478 -0.5276 2.0867 0.5065 -1.0504999 1.7686 0.5003 -1.0536 -7.8335 -11.939 -1.0826 3.2824 8.9784 -8.600699 -163.2092 -72.9375 -18.6182 -26.1353 56.066097 17.9415 -26.3013 -7.319 0.6688 12.7338 -8.2102995 32.958 -163.0577 73.9286 18.758999 -9.2563 -54.6513 -32.6726 -32.6972 14.246599 -1.2630999 9.949699 2.6123 -11.910399
144.08801 92.119 169.75601 91.982895 -0.65389997 -2.6231 178.6404 -0.32709998 162.6722 -11.0116 2.349 -9.286699 79.4711 5.1348 -5.1933 21.4546 0.0030999999 0 174.9586 -0.8768 171.82939 -14.563 -3.9875 3.9232 79.5936 -1.0479 6.6619 21.4546 -0.0030999999 -0 6.0502 0.24499999 -0.529 2.0855 0.5017 -1.0536 1.7673999 0.4955 -1.0566 -7.8184996 -12.0069 -1.1951 3.3256998 9.0866995 -8.7528 -163.2562 -72.9561 -18.5697 -26.091099 56.061897 17.9613 -26.2845 -7.3064 0.6694 12.726 -8.1966 32.946198 -163.0219 73.9302 18.7957 -9.3307 -54.667797 -32.6312 -32.723 14.2795 -1.2659 9.952499 2.6104999 -11.8796
144.102 92.115005 169.76001 91.9742 -0.64739996 -2.6689 178.6352 -0.3123 162.6591 -11.027699 2.3639998 -9.3076 79.4751 5.1473 -5.2002 21.4546 0.0030999999 0 174.925 -0.87329996 171.8638 -14.613199 -4.0004 3.8767998 79.6122 -1.0171 6.6622996 21.4546 -0.0030999999 -0 6.0478997 0.2426 -0.5312 2.0808 0.4962 -1.0581 1.7627 0.48999998 -1.061 -7.8051 -12.0664 -1.3059 3.3802 9.185699 -8.8961 -163.2944 -72.974495 -18.5302 -26.0394 56.048 17.982399 -26.2615 -7.2897 0.6699 12.7161 -8.1779995 32.9433 -162.9662 73.9277 18.8529 -9.4029 -54.6913 -32.591 -32.7496 14.3144 -1.2681999 9.9498 2.6037998 -11.8417
144.117 92.11 169.76201 91.9686 -0.6408 -2.7168 178.6267 -0.2999 162.64479 -11.045199 2.3753 -9.3288 79.4808 5.1604 -5.2054996 21.4546 0.0030999999 0 174.8875 -0.8725 171.88469 -14.6654 -4.014 3.8372998 79.6307 -0.9905 6.6624 21.4546 -0.0030999999 -0 6.0439997 0.2411 -0.53429997 2.0729 0.49069998 -1.0643 1.7549 0.48439997 -1.0673 -7.79 -12.12 -1.4117 3.4464998 9.278399 -9.0292 -163.33209 -72.993 -18.4914 -25.979599 56.0253 18.001099 -26.2291 -7.2713 0.67039996 12.707399 -8.1574 32.9581 -162.9179 73.9244 18.9025 -9.4611 -54.7165 -32.5464 -32.7835 14.3405 -1.2698 9.9432 2.599 -11.819699
144.13301 92.106 169.764 91.964195 -0.6356 -2.7661 178.6166 -0.2936 162.62909 -11.065499 2.3796 -9.349199 79.4896 5.1738997 -5.2081 21.4546 0.0030999999 0 174.8494 -0.876 171.8846 -14.7176 -4.0267 3.8095999 79.6476 -0.97169995 6.6622996 21.4546 -0.0030999999 -0 6.039 0.2401 -0.5383 2.0628 0.4854 -1.0725 1.7447 0.479 -1.0754 -7.7697997 -12.167299 -1.5117999 3.5219998 9.366799 -9.1514 -163.37419 -73.0131 -18.447899 -25.9152 55.994297 18.0175 -26.1845 -7.2538 0.6708 12.7037 -8.1357 32.9841 -162.89859 73.920296 18.9223 -9.4984 -54.7379 -32.4976 -32.825798 14.3526 -1.2709 9.9317 2.6023998 -11.8213
144.149 92.102005 169.763 91.9589 -0.6332 -2.816 178.6073 -0.2951 162.6116 -11.088799 2.3762999 -9.3681 79.5029 5.1872997 -5.2082 21.4546 0.0030999999 0 174.81369 -0.8847 171.8654 -14.7681 -4.0376 3.7928998 79.662796 -0.96019995 6.6618 21.4546 -0.0030999999 -0 6.0334 0.2393 -0.5432 2.0516999 0.4804 -1.0821999 1.7336999 0.47399998 -1.0850999 -7.7415 -12.2062 -1.607 3.6018999 9.4522 -9.2633 -163.42189 -73.0367 -18.398699 -25.852499 55.9553 18.034 -26.1258 -7.2395 0.67109996 12.7086 -8.1114 33.0055 -162.9213 73.9132 18.8992 -9.5128 -54.750397 -32.449398 -32.873398 14.3508 -1.2717999 9.9133 2.6179 -11.842199
144.164 92.09701 169.759 91.9519 -0.6328 -2.8667998 178.59999 -0.3031 162.5904 -11.1147995 2.3681 -9.3848 79.5204 5.1998 -5.2068 21.4546 0.0030999999 0 174.78079 -0.898 171.8405 -14.8181 -4.0488 3.7795 79.6776 -0.9511 6.6612 21.4546 -0.0030999999 -0 6.0278 0.2386 -0.5485 2.0406 0.47599998 -1.0928999 1.7225 0.46949998 -1.0957999 -7.7085996 -12.239599 -1.6968 3.6857 9.5366 -9.3661995 -163.4642 -73.0616 -18.3549 -25.797298 55.907898 18.048 -26.056398 -7.2282996 0.6714 12.7225 -8.083 33.020298 -162.9716 73.9031 18.847599 -9.5116 -54.7557 -32.4092 -32.9203 14.3431 -1.2725999 9.8947 2.6395 -11.870399
144.177 92.092 169.75401 91.9433 -0.63339996 -2.9192 178.59529 -0.3152 162.5633 -11.1425 2.3588998 -9.3988 79.5413 5.2105 -5.2054 21.4546 0.0030999999 0 174.7498 -0.91459996 171.82419 -14.869499 -4.0632 3.7605 79.6941 -0.9385 6.6603 21.4546 -0.0030999999 -0 6.0225 0.23809999 -0.5539 2.0298998 0.47259998 -1.1039 1.7119 0.46609998 -1.1067 -7.6769996 -12.2723 -1.7795999 3.7754998 9.621699 -9.4618 -163.48729 -73.0843 -18.331 -25.7551 55.8519 18.0557 -25.981298 -7.2191 0.6717 12.7435 -8.0493 33.0317 -163.025 73.8913 18.7929 -9.5049 -54.7585 -32.3835 -32.96 14.338799 -1.2732999 9.8828 2.6578 -11.8921995
144.18901 92.086006 169.748 91.933395 -0.63449997 -2.9752 178.593 -0.3279 162.5282 -11.1713 2.352 -9.4102 79.5655 5.219 -5.2057 21.4546 0.0030999999 -0 174.7192 -0.9338 171.81949 -14.9237995 -4.0829 3.7331 79.7134 -0.92039996 6.6591997 21.4546 -0.0030999999 -0 6.0175 0.23779999 -0.5588 2.0198 0.4707 -1.1136 1.7018 0.46409997 -1.1164 -7.6542997 -12.3095 -1.8518 3.8762 9.7083 -9.5498 -163.48329 -73.100395 -18.335 -25.729599 55.787598 18.0562 -25.904 -7.2116 0.6719 12.7648 -8.0104 33.0434 -163.05789 73.8815 18.7592 -9.4987 -54.763798 -32.372498 -32.9878 14.3411 -1.2738 9.8755 2.6659 -11.8968
144.197 92.08 169.74301 91.9228 -0.636 -3.0363 178.59329 -0.3385 162.48439 -11.200399 2.3497 -9.4199 79.5924 5.2258 -5.2086 21.4546 0.0030999999 -0 174.689 -0.9544 171.8212 -14.9811 -4.1075997 3.6994 79.735596 -0.89769995 6.658 21.4546 -0.0030999999 -0 6.0127 0.23779999 -0.56259996 2.0102 0.47059998 -1.1211 1.6922 0.4639 -1.1238999 -7.6433997 -12.3545 -1.9106 3.9886 9.7973995 -9.629399 -163.4518 -73.1074 -18.3673 -25.7195 55.7174 18.0502 -25.8291 -7.2063 0.672 12.780399 -7.9656 33.058 -163.0609 73.8762 18.7561 -9.4938 -54.773098 -32.3722 -33.0025 14.3487 -1.2741 9.869599 2.658 -11.8833
144.203 92.073006 169.73901 91.9109 -0.6374 -3.1027 178.59729 -0.3455 162.4348 -11.2288 2.3523 -9.4299 79.6215 5.2321 -5.2139 21.4546 0.0030999999 -0 174.6619 -0.9751 171.81389 -15.0385 -4.1335998 3.668 79.758896 -0.8761 6.6566 21.4546 -0.0030999999 -0 6.008 0.23789999 -0.565 2.0008 0.4723 -1.1264 1.6827999 0.4657 -1.1293 -7.6387997 -12.4057 -1.9549999 4.1045 9.8901 -9.6996 -163.4038 -73.1065 -18.4168 -25.7148 55.6462 18.0394 -25.764 -7.2057 0.6721 12.788099 -7.9121 33.0755 -163.0511 73.875595 18.7661 -9.4825 -54.7805 -32.3752 -33.0092 14.3536 -1.2743 9.8643 2.6292999 -11.8684
144.205 92.066 169.73901 91.8977 -0.63879997 -3.1733 178.6057 -0.34809998 162.3857 -11.2548 2.3588998 -9.4429 79.6512 5.24 -5.2216 21.4546 0.0030999999 0 174.6402 -0.9941 171.7878 -15.092099 -4.1559997 3.6448998 79.781 -0.85969996 6.6551 21.4546 -0.0030999999 -0 6.0032 0.2382 -0.566 1.9913 0.47559997 -1.1297 1.6732 0.4689 -1.1324999 -7.631 -12.4576 -1.9893999 4.2116 9.985499 -9.762 -163.3522 -73.1016 -18.4697 -25.705 55.5798 18.027899 -25.7157 -7.2114 0.67219996 12.789 -7.8489 33.0891 -163.04399 73.876495 18.7734 -9.4574995 -54.779697 -32.3777 -33.012398 14.3494 -1.2743 9.8609 2.5863 -11.863899
144.20401 92.060005 169.74 91.882996 -0.6404 -3.2456 178.61949 -0.3461 162.3456 -11.276 2.3676 -9.4625 79.6792 5.252 -5.2314 21.4546 0.0030999999 0 174.6259 -1.0091 171.7415 -15.1377 -4.1698 3.6316998 79.8002 -0.8502 6.6535997 21.4546 -0.0030999999 -0 5.9981 0.23869999 -0.5664 1.9811 0.4797 -1.1309999 1.6631 0.473 -1.1338999 -7.6085997 -12.5012 -2.0231 4.295 10.0805 -9.8208 -163.3106 -73.099396 -18.5126 -25.6805 55.5234 18.0214 -25.6898 -7.2233996 0.67219996 12.7877 -7.7774 33.0862 -163.0482 73.8729 18.7692 -9.4145 -54.7656 -32.381 -33.0145 14.3327 -1.2742 9.8622 2.5467 -11.8728
144.20001 92.05501 169.744 91.8678 -0.6422 -3.3181 178.63849 -0.34 162.31749 -11.2901 2.3765 -9.4893 79.7036 5.2683997 -5.2427998 21.4546 0.0030999999 -0 174.618 -1.0181999 171.68399 -15.1744995 -4.1741 3.6237998 79.8162 -0.84489995 6.6519 21.4546 -0.0030999999 -0 5.9926996 0.2394 -0.5664 1.9702 0.48389998 -1.1309 1.6522 0.4772 -1.1338 -7.5692997 -12.5338 -2.0653 4.3511 10.1742 -9.8832 -163.2844 -73.1035 -18.5396 -25.6398 55.4799 18.0231 -25.6861 -7.2402997 0.67219996 12.7851 -7.7042 33.0652 -163.0539 73.8603 18.7635 -9.3566 -54.7389 -32.391598 -33.0123 14.3095 -1.2739999 9.8678 2.5204 -11.8861
144.19301 92.052 169.74901 91.8537 -0.644 -3.3902 178.662 -0.33069998 162.29889 -11.2956 2.3846998 -9.5215 79.722694 5.2882 -5.2549996 21.4546 0.0030999999 -0 174.6136 -1.0209 171.6296 -15.2039995 -4.1714 3.6134 79.829994 -0.83879995 6.6493998 21.4546 -0.0030999999 -0 5.987 0.2401 -0.56619996 1.9587 0.48799998 -1.13 1.6407 0.4813 -1.133 -7.5175 -12.5576 -2.1239 4.3855 10.2676 -9.957399 -163.27179 -73.1142 -18.552399 -25.587399 55.449898 18.0343 -25.6994 -7.2598 0.67219996 12.779699 -7.6390996 33.0323 -163.0417 73.8368 18.7762 -9.2914 -54.704998 -32.4178 -32.9995 14.2915 -1.2736 9.875199 2.51 -11.887899
144.18501 92.048004 169.755 91.841995 -0.6457 -3.4629 178.6875 -0.3197 162.2809 -11.2943 2.3916 -9.5543995 79.7369 5.3083 -5.2672997 21.4546 0.0030999999 0 174.6089 -1.0213 171.5853 -15.2296 -4.1671 3.5965 79.842995 -0.8287 6.6456 21.4546 -0.0030999999 -0 5.9809 0.24139999 -0.5661 1.9465 0.49199998 -1.1292 1.6285 0.48529997 -1.1321 -7.4638 -12.580899 -2.1994 4.4126 10.3629 -10.0476 -163.25659 -73.1253 -18.5679 -25.535099 55.430298 18.054699 -25.720999 -7.2785997 0.6721 12.770499 -7.5919 32.9969 -163.0067 73.806496 18.8123 -9.2256 -54.6717 -32.4623 -32.9703 14.2876 -1.2731 9.8826 2.5084 -11.8668995
144.175 92.045006 169.761 91.8339 -0.6472 -3.5372999 178.7125 -0.3087 162.254 -11.289 2.3976 -9.5829 79.7476 5.3255 -5.2788 21.4546 0.0030999999 0 174.6012 -1.0235 171.5521 -15.2547 -4.1661 3.5723 79.8562 -0.8138 6.6404 21.4546 -0.0030999999 -0 5.9744997 0.2435 -0.5663 1.9338 0.4964 -1.129 1.6157 0.4897 -1.132 -7.4178 -12.6116 -2.2883 4.447 10.4616995 -10.154099 -163.22249 -73.129196 -18.602999 -25.4939 55.4171 18.0831 -25.741798 -7.2934 0.672 12.7564 -7.5699 32.9669 -162.9524 73.7754 18.868399 -9.164 -54.6452 -32.524097 -32.9204 14.3019 -1.2724 9.8884 2.5052 -11.817699
144.164 92.04301 169.76701 91.829094 -0.6483 -3.6130998 178.7367 -0.2988 162.2144 -11.2814 2.4031 -9.6048 79.756195 5.3382 -5.2894998 21.4546 0.0030999999 -0 174.5913 -1.0265 171.5215 -15.2795 -4.1695 3.5463 79.869095 -0.79719996 6.6362996 21.4546 -0.0030999999 -0 5.9677 0.2464 -0.5669 1.9202 0.5017 -1.1297 1.6021999 0.49499997 -1.1327 -7.3795 -12.6481 -2.3827 4.4922 10.560599 -10.2677 -163.1693 -73.1204 -18.657799 -25.4648 55.409 18.1174 -25.7556 -7.3041 0.67179996 12.7365 -7.5724998 32.9408 -162.892 73.7483 18.9307 -9.1065 -54.625397 -32.5956 -32.850998 14.326799 -1.2717 9.8909 2.4898999 -11.749
144.151 92.04101 169.772 91.826096 -0.6491 -3.6887999 178.7609 -0.2906 162.166 -11.2720995 2.408 -9.6215 79.7635 5.3473997 -5.2995996 21.4546 0.0030999999 -0 174.5819 -1.0293 171.4865 -15.3026 -4.176 3.5235999 79.8807 -0.78209996 6.6347 21.4546 -0.0030999999 -0 5.9606 0.2497 -0.5681 1.9059 0.5083 -1.1321 1.5877999 0.50159997 -1.1351 -7.3458996 -12.6841 -2.4749 4.5471997 10.6542 -10.3772 -163.1016 -73.0987 -18.727499 -25.445099 55.4069 18.1527 -25.760199 -7.3103 0.6717 12.7116995 -7.5954 32.9199 -162.8355 73.727196 18.9889 -9.0532 -54.609898 -32.6683 -32.7658 14.3515 -1.2709 9.8904 2.4596999 -11.673599
144.136 92.039 169.77701 91.8222 -0.6497 -3.7612998 178.7879 -0.28329998 162.1231 -11.2604 2.4118 -9.6396 79.768394 5.3574 -5.3104997 21.4546 0.0030999999 0 174.57759 -1.0318 171.4466 -15.3208 -4.1822 3.5056999 79.8902 -0.77019995 6.6341 21.4546 -0.0030999999 -0 5.9533997 0.2534 -0.5711 1.8914 0.5158 -1.1381999 1.5733999 0.50909996 -1.1413 -7.3121 -12.7069 -2.5593 4.6068997 10.7342 -10.4699 -163.0267 -73.0711 -18.8048 -25.4294 55.4153 18.178999 -25.7589 -7.3096 0.67149997 12.6867 -7.6302 32.912 -162.7838 73.7091 19.042099 -9.0065 -54.5943 -32.7324 -32.671497 14.364599 -1.2695 9.891 2.425 -11.6066
144.12001 92.038 169.781 91.8155 -0.6502 -3.8279998 178.8199 -0.27629998 162.0966 -11.2456 2.4138 -9.664 79.770096 5.3712 -5.3231 21.4546 0.0030999999 0 174.582 -1.0339 171.40619 -15.3312 -4.1854997 3.4919 79.8968 -0.76119995 6.6327996 21.4546 -0.0030999999 -0 5.9466 0.2575 -0.57629997 1.8777 0.524 -1.1485 1.5597 0.5171 -1.1516 -7.2763 -12.703199 -2.6311998 4.6681 10.7887 -10.5331 -162.9542 -73.0441 -18.8794 -25.416698 55.4366 18.190899 -25.7519 -7.3016996 0.6712 12.6648 -7.6710997 32.92 -162.72789 73.6896 19.0996 -8.9684 -54.5765 -32.781498 -32.5747 14.3617 -1.2673 9.8976 2.3964 -11.5539
144.10101 92.037 169.78401 91.804695 -0.6507 -3.8871 178.8581 -0.26999998 162.0921 -11.2267 2.4136999 -9.6966 79.7681 5.3901997 -5.3375 21.4546 0.0030999999 -0 174.59659 -1.0354999 171.3729 -15.3321 -4.1846 3.4792 79.9002 -0.75329995 6.6294 21.4546 -0.0030999999 -0 5.9405 0.2618 -0.5828 1.8654 0.53249997 -1.1615 1.5474 0.5257 -1.1646999 -7.2405996 -12.660299 -2.6866 4.7299 10.8042 -10.554999 -162.89589 -73.022095 -18.9396 -25.4103 55.470997 18.1887 -25.735899 -7.2885 0.671 12.6474 -7.7149 32.940598 -162.6512 73.664 19.1786 -8.939799 -54.5569 -32.813 -32.4815 14.346399 -1.2644 9.915199 2.3825998 -11.510799
144.082 92.037 169.787 91.7912 -0.65099996 -3.9378998 178.9005 -0.2647 162.1057 -11.2051 2.4115 -9.7345 79.7632 5.4126 -5.3528 21.4546 0.0030999999 -0 174.6202 -1.0366 171.34639 -15.3237 -4.1794 3.4678998 79.9006 -0.74689996 6.6239996 21.4546 -0.0030999999 -0 5.935 0.26639998 -0.5902 1.8543999 0.54179996 -1.1761999 1.5364 0.5349 -1.1794 -7.2095 -12.5793 -2.7208998 4.7943997 10.7761 -10.531199 -162.8541 -73.0057 -18.9827 -25.414799 55.516697 18.1766 -25.7093 -7.2718 0.67069995 12.6346 -7.7563 32.9683 -162.5511 73.6304 19.2818 -8.918 -54.5369 -32.828598 -32.3962 14.3263 -1.2612 9.945 2.3806 -11.4682
144.06201 92.038 169.789 91.7773 -0.6512 -3.9808 178.943 -0.26119998 162.12799 -11.183499 2.4071999 -9.7725 79.7573 5.4353 -5.3673 21.4546 0.0030999999 0 174.6491 -1.0374 171.32089 -15.307899 -4.1707 3.4606998 79.8987 -0.7435 6.6182 21.4546 -0.0030999999 -0 5.9298997 0.2716 -0.598 1.8441 0.5523 -1.1917 1.5259999 0.5453 -1.1949999 -7.1875997 -12.470099 -2.7298 4.8638 10.7072 -10.4633 -162.82489 -72.9937 -19.0129 -25.434 55.5711 18.1612 -25.6731 -7.2537 0.67039996 12.626599 -7.7904 32.9957 -162.4346 73.5897 19.4018 -8.8976 -54.5182 -32.8331 -32.3217 14.3104 -1.2586 9.9853 2.3811 -11.4172
144.042 92.039 169.79102 91.7653 -0.6513 -4.0164 178.9812 -0.2589 162.1491 -11.1657 2.4019 -9.804999 79.7529 5.4547 -5.3798 21.4546 0.0030999999 -0 174.6789 -1.0382 171.28949 -15.2892 -4.1611 3.4613 79.8957 -0.7448 6.6148 21.4546 -0.0030999999 -0 5.9247 0.2775 -0.6059 1.8337 0.56409997 -1.2074 1.5156 0.55689996 -1.2107999 -7.1735997 -12.346399 -2.711 4.9333997 10.6073 -10.3585 -162.79959 -72.985 -19.0389 -25.4686 55.633698 18.1476 -25.6342 -7.2374 0.66999996 12.6233 -7.8183 33.009098 -162.3154 73.544495 19.5247 -8.8733 -54.5011 -32.8343 -32.2603 14.301 -1.2567999 10.0282 2.3765 -11.360499
144.02301 92.04 169.794 91.7565 -0.65139997 -4.0453997 179.01149 -0.2573 162.1611 -11.1546 2.3967 -9.8281 79.7519 5.4681997 -5.3898997 21.4546 0.0030999999 -0 174.70529 -1.0388 171.2484 -15.2729 -4.1538 3.4712 79.893196 -0.7515 6.6162996 21.4546 -0.0030999999 -0 5.9193997 0.2839 -0.6137 1.8228999 0.57699996 -1.2231 1.5049 0.5697 -1.2264999 -7.1653 -12.222199 -2.6653 4.9964 10.488999 -10.2268 -162.76819 -72.978096 -19.071299 -25.5171 55.703598 18.1378 -25.602 -7.2249 0.66969997 12.6233 -7.844 32.9997 -162.2077 73.4985 19.6358 -8.8406 -54.4857 -32.8402 -32.2129 14.2976 -1.2557 10.0637 2.3643 -11.3068
144.005 92.04 169.79701 91.7502 -0.65139997 -4.0691 179.0338 -0.2562 162.1628 -11.1509 2.3932 -9.8417 79.7528 5.4758 -5.3978996 21.4546 0.0030999999 -0 174.72609 -1.0393 171.20569 -15.264 -4.1519 3.4847999 79.8937 -0.7599 6.6219997 21.4546 -0.0030999999 -0 5.9143996 0.2907 -0.6214 1.8127999 0.5907 -1.2383 1.4947 0.5833 -1.2419 -7.1625 -12.1087 -2.598 5.0477 10.366799 -10.0819 -162.72 -72.9696 -19.1209 -25.576399 55.7761 18.1248 -25.5873 -7.213 0.66929996 12.622399 -7.8725 32.9785 -162.12129 73.4556 19.7249 -8.7997 -54.4739 -32.8567 -32.177097 14.2956 -1.2551 10.0831995 2.3553998 -11.2696
143.99 92.04101 169.79901 91.7454 -0.65139997 -4.0885997 179.0497 -0.2553 162.1547 -11.153399 2.392 -9.847099 79.7545 5.4779997 -5.4045 21.4546 0.0030999999 -0 174.74089 -1.0396 171.17119 -15.262899 -4.1572 3.4951 79.8983 -0.7654 6.6299996 21.4546 -0.0030999999 -0 5.9101 0.2976 -0.62839997 1.8041999 0.6045 -1.2523 1.4862 0.59709996 -1.2559999 -7.1654997 -12.014999 -2.5179 5.0847 10.2542 -9.939099 -162.65019 -72.958496 -19.192799 -25.643599 55.846397 18.104399 -25.598 -7.2004 0.66899997 12.6192 -7.9049997 32.9551 -162.05719 73.4188 19.791199 -8.7535 -54.468597 -32.8858 -32.149498 14.2913 -1.2544999 10.083099 2.3581 -11.2585
143.97801 92.04 169.79901 91.7409 -0.65139997 -4.105 179.06169 -0.2546 162.13829 -11.1588 2.3918 -9.8456 79.7567 5.4754996 -5.4105 21.4546 0.0030999999 0 174.7513 -1.0397999 171.15419 -15.2631 -4.1696997 3.4954998 79.905396 -0.7642 6.6369 21.4546 -0.0030999999 -0 5.9073997 0.3041 -0.634 1.7982999 0.6177 -1.2634 1.4803 0.6102 -1.2671 -7.1742997 -11.9477 -2.4375 5.1092997 10.1626 -9.8146 -162.56389 -72.9469 -19.2818 -25.7167 55.9115 18.0796 -25.6367 -7.1906 0.66859996 12.618 -7.936 32.930798 -162.0031 73.3888 19.8471 -8.7083 -54.473698 -32.9236 -32.125698 14.2835 -1.2541 10.068 2.373 -11.2739
143.96701 92.04 169.798 91.736496 -0.6513 -4.1183 179.07129 -0.254 162.1167 -11.1644 2.392 -9.8392 79.7592 5.4697 -5.416 21.4546 0.0030999999 0 174.75879 -1.0402 171.15329 -15.2619 -4.1837997 3.4857 79.912994 -0.7567 6.6411 21.4546 -0.0030999999 -0 5.9061 0.3102 -0.6378 1.7952 0.62979996 -1.2709999 1.4771 0.62229997 -1.2746999 -7.1872997 -11.9109 -2.3676999 5.1238 10.098499 -9.721 -162.4704 -72.9348 -19.378 -25.792 55.966198 18.052399 -25.6997 -7.1858997 0.66819996 12.6216 -7.9607 32.9045 -161.95009 73.3648 19.9018 -8.67 -54.4903 -32.963898 -32.1019 14.2729 -1.2538999 10.0464 2.3915 -11.3062
143.959 92.04 169.79701 91.7331 -0.6513 -4.1273 179.07869 -0.2539 162.09459 -11.1685 2.3927 -9.83 79.7614 5.4621997 -5.4207997 21.4546 0.0030999999 -0 174.7652 -1.0406 171.1568 -15.2605 -4.1898 3.4715998 79.9188 -0.74759996 6.6432 21.4546 -0.0030999999 -0 5.9052 0.3157 -0.6403 1.7939 0.641 -1.2757 1.4757999 0.63339996 -1.2795 -7.2004 -11.9063 -2.3165 5.1308 10.0632 -9.6659 -162.38269 -72.919395 -19.4683 -25.864199 56.0044 18.0234 -25.777899 -7.1863 0.6677 12.630099 -7.9757 32.8733 -161.8935 73.344894 19.9601 -8.644 -54.516697 -32.999 -32.075798 14.261399 -1.2537999 10.0295 2.3975 -11.3369
143.953 92.04101 169.79501 91.7315 -0.6512 -4.131 179.083 -0.25419998 162.077 -11.171499 2.3939 -9.820399 79.7631 5.4544997 -5.4245 21.4546 0.0030999999 -0 174.771 -1.0412999 171.1539 -15.2596 -4.1868997 3.4629 79.9221 -0.7428 6.6438 21.4546 -0.0030999999 -0 5.9045 0.3207 -0.6418 1.7938 0.6509 -1.2787 1.4757 0.6433 -1.2825999 -7.2098 -11.930699 -2.2869 5.1310997 10.0549 -9.65 -162.3132 -72.9013 -19.539999 -25.929298 56.025997 17.9933 -25.8613 -7.1926 0.6673 12.6424 -7.9873 32.8372 -161.83139 73.328896 20.0241 -8.6312 -54.551598 -33.0263 -32.049 14.2506 -1.2537999 10.0229 2.3839998 -11.3508
143.94801 92.04201 169.79301 91.731995 -0.6509 -4.1289 179.0836 -0.2555 162.0674 -11.175 2.3953 -9.8123 79.7644 5.4481997 -5.4272 21.4546 0.0030999999 0 174.77649 -1.0423 171.1373 -15.258699 -4.1789 3.4682 79.9235 -0.74719995 6.6438 21.4546 -0.0030999999 -0 5.904 0.3249 -0.64269996 1.7944 0.6591 -1.281 1.4764 0.6515 -1.285 -7.2125998 -11.9776 -2.2786 5.1246 10.0694 -9.6684 -162.2712 -72.883095 -19.583399 -25.984999 56.034397 17.963 -25.9404 -7.2061 0.6669 12.656 -8.005199 32.798 -161.7639 73.316895 20.0936 -8.630199 -54.5934 -33.0458 -32.0249 14.2408 -1.254 10.028 2.3518 -11.3375
143.944 92.04301 169.79102 91.7343 -0.65029997 -4.1219997 179.08029 -0.2579 162.0632 -11.1805 2.3968 -9.8046 79.765495 5.4424996 -5.4291 21.4546 0.0030999999 0 174.78079 -1.0437 171.11299 -15.2581 -4.171 3.4831 79.9234 -0.7574 6.6431 21.4546 -0.0030999999 -0 5.9035997 0.3279 -0.6434 1.7954999 0.6655 -1.2825999 1.4775 0.6579 -1.2866 -7.2096996 -12.0359 -2.2867 5.1120996 10.099999 -9.7105 -162.2533 -72.8664 -19.602 -26.035099 56.0337 17.9347 -26.0084 -7.2281 0.6665 12.6654 -8.0295 32.7579 -161.6983 73.3061 20.1611 -8.6383 -54.6363 -33.0576 -32.0076 14.2303 -1.2542 10.0406 2.3149 -11.3021
143.942 92.04401 169.787 91.737495 -0.6495 -4.1123 179.07379 -0.2617 162.05919 -11.1888 2.3983 -9.7955 79.7666 5.436 -5.4305997 21.4546 0.0030999999 0 174.7832 -1.0457 171.0912 -15.2581 -4.1668 3.4994 79.9227 -0.768 6.6422 21.4546 -0.0030999999 -0 5.9034 0.3296 -0.64419997 1.7968999 0.6701 -1.2832 1.4789 0.6624 -1.2872 -7.2037997 -12.0933 -2.3055 5.0958 10.1389 -9.763599 -162.25029 -72.8528 -19.6052 -26.0847 56.0276 17.9086 -26.0609 -7.2578998 0.666 12.6677 -8.0559 32.718597 -161.64279 73.2941 20.218199 -8.6525 -54.674797 -33.062798 -32.0002 14.2177 -1.2544999 10.0561 2.2884 -11.2561
143.94 92.045006 169.78201 91.741295 -0.6486 -4.1021 179.06569 -0.2681 162.05049 -11.1984 2.3995 -9.7835 79.767494 5.4273996 -5.4319997 21.4546 0.0030999999 0 174.7833 -1.0496 171.08249 -15.258499 -4.1654 3.5094 79.922 -0.77449995 6.6419 21.4546 -0.0030999999 -0 5.9031997 0.3306 -0.6448 1.7982999 0.673 -1.2831 1.4803 0.66539997 -1.2871 -7.1987 -12.1389 -2.3288 5.0804 10.178599 -9.8154 -162.24829 -72.842896 -19.6073 -26.139599 56.018497 17.8773 -26.0964 -7.2893996 0.6655 12.668799 -8.0763 32.6798 -161.6035 73.283195 20.2586 -8.6706 -54.709198 -33.0649 -32.003098 14.206699 -1.2549 10.0727 2.2784 -11.2139
143.93901 92.046005 169.77501 91.7452 -0.6476 -4.0931997 179.0576 -0.2768 162.03499 -11.207 2.401 -9.768499 79.7678 5.4167 -5.4337 21.4546 0.0030999999 0 174.7811 -1.0555 171.0913 -15.2597 -4.1654997 3.5096998 79.9221 -0.7748 6.6417 21.4546 -0.0030999999 -0 5.9031 0.33139998 -0.6454 1.7995 0.6746 -1.2827 1.4814 0.667 -1.2867 -7.1973 -12.1663 -2.3515 5.0699 10.2130995 -9.8566 -162.2372 -72.8368 -19.6189 -26.2009 56.007 17.8378 -26.1167 -7.3164997 0.6651 12.6719 -8.084499 32.6432 -161.57939 73.2755 20.2836 -8.693 -54.740997 -33.064198 -32.0144 14.2006 -1.2552999 10.0875 2.2841 -11.1888
143.93901 92.046005 169.76701 91.7495 -0.64669997 -4.086 179.05069 -0.2853 162.0157 -11.2122 2.4045 -9.7527 79.767395 5.4051 -5.4363 21.4546 0.0030999999 0 174.7766 -1.0606999 171.1116 -15.262099 -4.1667 3.5026999 79.9235 -0.7708 6.6386 21.4546 -0.0030999999 -0 5.9031 0.332 -0.6459 1.8003999 0.67539996 -1.2822 1.4824 0.6678 -1.2863 -7.2002997 -12.1756 -2.3703 5.0664997 10.2383995 -9.883699 -162.2133 -72.8333 -19.6434 -26.2631 55.9918 17.796 -26.1274 -7.3346996 0.6647 12.6751995 -8.0798 32.6143 -161.5587 73.2719 20.3048 -8.723 -54.772697 -33.0555 -32.03 14.200999 -1.2558 10.0952 2.2969 -11.1907
143.938 92.046005 169.75801 91.7541 -0.64599997 -4.0805 179.0457 -0.2916 161.99669 -11.2127 2.4105 -9.7383995 79.7658 5.3940997 -5.4400997 21.4546 0.0030999999 -0 174.7701 -1.0643 171.1366 -15.2668 -4.1679 3.4922 79.9266 -0.765 6.633 21.4546 -0.0030999999 -0 5.9031 0.3322 -0.64629996 1.8014 0.67579997 -1.282 1.4834 0.66819996 -1.2860999 -7.2054996 -12.170799 -2.3848 5.0673 10.2534 -9.8977995 -162.1815 -72.8313 -19.6761 -26.3179 55.9717 17.7582 -26.1325 -7.3423996 0.6642 12.6767 -8.069799 32.6016 -161.5341 73.2709 20.3301 -8.762 -54.803097 -33.037598 -32.048798 14.2078 -1.2562 10.092 2.3105 -11.215899
143.93701 92.046005 169.75002 91.7586 -0.6457 -4.0762 179.043 -0.2942 161.9828 -11.2086 2.4185 -9.727699 79.7621 5.3851 -5.4456 21.4546 0.0030999999 -0 174.7619 -1.0668 171.1595 -15.274799 -4.1678 3.4828 79.9314 -0.75979996 6.628 21.4546 -0.0030999999 -0 5.9031997 0.3322 -0.64669997 1.8025999 0.676 -1.2824 1.4844999 0.6683 -1.2864 -7.2088 -12.158199 -2.3969 5.0656 10.258599 -9.9043 -162.1534 -72.8303 -19.705 -26.3562 55.946697 17.7306 -26.1343 -7.3401 0.6638 12.6758995 -8.0685 32.6138 -161.50319 73.2694 20.3619 -8.8084 -54.8275 -33.0132 -32.0732 14.2191 -1.2566 10.0764 2.322 -11.2499
143.936 92.046005 169.742 91.762596 -0.6458 -4.0720997 179.0428 -0.2941 161.97589 -11.201099 2.4273999 -9.721399 79.7566 5.3787 -5.4528 21.4546 0.0030999999 -0 174.7546 -1.0698 171.1794 -15.2837 -4.1684 3.4754999 79.9367 -0.7557 6.6249 21.4546 -0.0030999999 -0 5.9031997 0.332 -0.64699996 1.8038 0.676 -1.2836 1.4857 0.6683 -1.2876999 -7.2072997 -12.1428995 -2.4083998 5.0545 10.2562 -9.908199 -162.1384 -72.8306 -19.7204 -26.3729 55.9186 17.7169 -26.1328 -7.3321 0.6633 12.6718 -8.082 32.6464 -161.47299 73.2647 20.393 -8.858 -54.8424 -32.9825 -32.1058 14.2342 -1.257 10.052 2.3323998 -11.2817
143.93301 92.046005 169.73201 91.765495 -0.6462 -4.0668 179.0454 -0.2936 161.9765 -11.191299 2.4363 -9.7189 79.749695 5.3747 -5.4614997 21.4546 0.0030999999 0 174.75119 -1.0749 171.1994 -15.288899 -4.1726 3.4694 79.9407 -0.752 6.6231 21.4546 -0.0030999999 -0 5.9031 0.33159998 -0.6472 1.8046999 0.67579997 -1.2861999 1.4866999 0.6681 -1.2902 -7.2002997 -12.128799 -2.4208 5.0292 10.2485 -9.9136 -162.1422 -72.8328 -19.7165 -26.3673 55.8904 17.718899 -26.1267 -7.3241 0.6629 12.6643 -8.1095 32.685898 -161.45349 73.2549 20.4132 -8.9052 -54.8458 -32.9441 -32.1487 14.252399 -1.2573999 10.0252 2.3451 -11.3054
143.93001 92.047005 169.72202 91.767395 -0.6477 -4.0594997 179.05049 -0.2949 161.98349 -11.179299 2.4438999 -9.7202 79.741 5.3726997 -5.4711 21.4546 0.0030999999 0 174.7538 -1.0821999 171.2249 -15.285899 -4.1795 3.4617 79.9414 -0.7468 6.6215 21.4546 -0.0030999999 -0 5.9031 0.3311 -0.6473 1.8053 0.67539996 -1.2906 1.4872999 0.6676 -1.2947 -7.1907997 -12.1159 -2.4338999 4.9913 10.2382 -9.920899 -162.1585 -72.8377 -19.6997 -26.344 55.8639 17.7342 -26.115099 -7.3194 0.66249996 12.6579 -8.1382 32.7104 -161.4464 73.2417 20.420599 -8.9487 -54.839798 -32.896 -32.200798 14.2724 -1.2577 10.003699 2.3645 -11.3262
143.925 92.048004 169.71 91.7689 -0.6505 -4.0495 179.05739 -0.2994 161.99469 -11.1649 2.4498 -9.7245 79.7302 5.3719 -5.4807 21.4546 0.0030999999 0 174.76309 -1.091 171.2599 -15.271299 -4.1871 3.4499998 79.937195 -0.7388 6.619 21.4546 -0.0030999999 -0 5.9028997 0.3306 -0.64739996 1.8054 0.6748 -1.2968999 1.4873999 0.667 -1.301 -7.1829996 -12.103499 -2.4466999 4.9459 10.2282 -9.9292 -162.17769 -72.8452 -19.6799 -26.309599 55.8407 17.7591 -26.097399 -7.3192997 0.662 12.6573 -8.1542 32.7035 -161.4471 73.2278 20.4201 -8.9888 -54.828697 -32.8381 -32.2594 14.2925 -1.2579 9.9925995 2.3939 -11.3529
143.92001 92.05 169.697 91.7717 -0.6552 -4.038 179.0641 -0.3057 162.0062 -11.1484995 2.4543 -9.7298 79.7172 5.3726997 -5.4901 21.4546 0.0030999999 0 174.7764 -1.1000999 171.30159 -15.2464 -4.1937 3.4348998 79.9286 -0.7285 6.6151 21.4546 -0.0030999999 -0 5.9027 0.3299 -0.64739996 1.8046 0.67399997 -1.3037 1.4865999 0.6662 -1.3077999 -7.1812 -12.0912 -2.4575999 4.9019 10.221399 -9.936999 -162.1904 -72.8548 -19.6667 -26.270699 55.8209 17.789299 -26.0737 -7.3227997 0.6617 12.665 -8.1494 32.6688 -161.4402 73.2173 20.4273 -9.0278 -54.819 -32.7749 -32.318798 14.3115 -1.2580999 9.9897995 2.4325 -11.3945
143.91501 92.052 169.68501 91.776695 -0.6611 -4.0267 179.0687 -0.3129 162.0127 -11.131499 2.4585 -9.7329 79.703094 5.3733997 -5.4986 21.4546 0.0030999999 -0 174.7905 -1.1083 171.3441 -15.215099 -4.1977997 3.4185998 79.9169 -0.7175 6.6102 21.4546 -0.0030999999 -0 5.9023 0.3292 -0.6473 1.8025 0.673 -1.3095 1.4843999 0.6652 -1.3134999 -7.1864996 -12.0789995 -2.4658 4.8651 10.219299 -9.943 -162.19 -72.864395 -19.667 -26.232199 55.803497 17.8221 -26.043299 -7.3283 0.6613 12.6803 -8.1235 32.6196 -161.41609 73.2121 20.452099 -9.0668 -54.8141 -32.7142 -32.374397 14.3286 -1.2583 9.991799 2.4745 -11.4485
143.91 92.054 169.67401 91.783295 -0.6666 -4.0181 179.0707 -0.3208 162.0078 -11.1168995 2.4631999 -9.7296 79.6904 5.3696 -5.5056 21.4546 0.0030999999 -0 174.80229 -1.1151 171.3788 -15.184 -4.199 3.4043999 79.9048 -0.7079 6.6056 21.4546 -0.0030999999 -0 5.9017 0.3287 -0.6472 1.7983999 0.6716 -1.3123 1.4804 0.6638 -1.3162999 -7.1952 -12.0668 -2.4724 4.8366 10.2202 -9.947499 -162.174 -72.8711 -19.6834 -26.1968 55.786198 17.8569 -26.0042 -7.3343 0.66069996 12.6985 -8.0864 32.5771 -161.37709 73.210495 20.492199 -9.1052 -54.8117 -32.6676 -32.4227 14.3438 -1.2585 9.9957 2.508 -11.4958
143.906 92.05601 169.664 91.79 -0.671 -4.013 179.0712 -0.3287 161.9915 -11.106199 2.4686 -9.7199 79.6805 5.3610997 -5.5109997 21.4546 0.0030999999 -0 174.81169 -1.12 171.3994 -15.157 -4.1962 3.3957 79.894 -0.7022 6.6017 21.4546 -0.0030999999 -0 5.901 0.3281 -0.64699996 1.7929 0.6694 -1.3117 1.4749 0.6616 -1.3156999 -7.2036 -12.0567 -2.4780998 4.8148 10.2226 -9.9517 -162.1467 -72.8729 -19.7114 -26.164999 55.7677 17.8894 -25.9552 -7.3381996 0.6599 12.717999 -8.0504 32.555 -161.3319 73.2112 20.5387 -9.1418 -54.8097 -32.6399 -32.461098 14.3592 -1.2587999 10.0008 2.5223 -11.517099
143.901 92.05801 169.656 91.794 -0.6744 -4.0106 179.0728 -0.3355 161.9695 -11.0995 2.4743 -9.7079 79.6739 5.3513 -5.5158 21.4546 0.0030999999 0 174.82129 -1.123 171.4025 -15.134999 -4.1882997 3.3944 79.8851 -0.7021 6.5978 21.4546 -0.0030999999 -0 5.9003 0.32729998 -0.6468 1.787 0.66609997 -1.308 1.469 0.6583 -1.3119999 -7.2092 -12.0526 -2.4833999 4.7964997 10.2254 -9.9577 -162.1175 -72.868996 -19.741499 -26.136 55.747597 17.912699 -25.896 -7.3368998 0.6594 12.738999 -8.0274 32.5583 -161.2938 73.2137 20.5777 -9.1748 -54.8071 -32.6296 -32.4871 14.377899 -1.2591 10.0088 2.5091999 -11.4963
143.89601 92.059006 169.64801 91.7937 -0.67719996 -4.0087 179.0775 -0.3412 161.9521 -11.0961 2.4792 -9.6984 79.6698 5.3434997 -5.5207996 21.4546 0.0030999999 0 174.8336 -1.1243 171.3945 -15.116699 -4.1761 3.3981 79.8781 -0.7058 6.5931 21.4546 -0.0030999999 -0 5.8991 0.32619998 -0.6465 1.7816 0.662 -1.3027999 1.4635999 0.65419996 -1.3068 -7.2102 -12.057099 -2.4878 4.7769 10.2265 -9.9664 -162.0931 -72.860695 -19.766699 -26.1076 55.7277 17.926899 -25.829199 -7.332 0.6591 12.7578 -8.0176 32.575397 -161.2719 73.2173 20.600199 -9.2032995 -54.803898 -32.629498 -32.4991 14.399699 -1.2594 10.0198 2.4752 -11.4367
143.89 92.060005 169.641 91.7885 -0.68009996 -4.0044 179.08629 -0.3462 161.9496 -11.0945 2.4824 -9.6957 79.6678 5.3402 -5.5267997 21.4546 0.0030999999 0 174.8507 -1.1247 171.3862 -15.0996 -4.1623 3.402 79.8726 -0.7098 6.587 21.4546 -0.0030999999 -0 5.897 0.3247 -0.6461 1.7772 0.6579 -1.2976999 1.4591 0.6501 -1.3017 -7.2068 -12.0713 -2.4905 4.7523 10.224299 -9.977799 -162.078 -72.8502 -19.7824 -26.077799 55.7105 17.9357 -25.7593 -7.3269997 0.6587 12.769199 -8.0151 32.5899 -161.26959 73.222 20.602499 -9.2269 -54.800697 -32.6303 -32.4971 14.421599 -1.2597 10.0331 2.434 -11.354099
143.884 92.060005 169.634 91.779594 -0.68299997 -3.9957 179.0983 -0.3505 161.9648 -11.0941 2.4843 -9.7002 79.6673 5.3417997 -5.5332 21.4546 0.0030999999 -0 174.8719 -1.1247 171.3889 -15.083099 -4.1510997 3.4018998 79.868195 -0.7112 6.5804996 21.4546 -0.0030999999 -0 5.895 0.32299998 -0.6457 1.7737 0.6541 -1.2937 1.4556999 0.6464 -1.2975999 -7.2046 -12.0928 -2.4891999 4.726 10.2185 -9.9885 -162.0721 -72.8396 -19.788599 -26.044899 55.6974 17.941599 -25.6941 -7.3227 0.6584 12.7731 -8.014299 32.5997 -161.2759 73.2278 20.5959 -9.2459 -54.7986 -32.6242 -32.4853 14.4374 -1.26 10.0444 2.401 -11.2771
143.87901 92.060005 169.62701 91.768394 -0.68579996 -3.9814 179.11119 -0.354 161.9953 -11.0948 2.4858 -9.7101 79.6683 5.3473997 -5.5394998 21.4546 0.0030999999 -0 174.8949 -1.1251 171.4094 -15.068199 -4.146 3.3955998 79.8649 -0.70809996 6.5744996 21.4546 -0.0030999999 -0 5.8939 0.3211 -0.64519995 1.7709 0.6507 -1.2911999 1.4528999 0.643 -1.2951 -7.2085 -12.1178 -2.4824998 4.7021 10.2093 -9.9957 -162.0743 -72.830696 -19.7864 -26.0082 55.689 17.9491 -25.640299 -7.3195 0.65819997 12.7704 -8.0119 32.6056 -161.2788 73.2342 20.5929 -9.2606 -54.797897 -32.6079 -32.4687 14.441999 -1.2602999 10.0504 2.3875 -11.229799
143.87401 92.060005 169.621 91.7567 -0.6878 -3.9622998 179.1218 -0.3576 162.032 -11.0989 2.4868 -9.7204 79.6716 5.3536 -5.5443997 21.4546 0.0030999999 -0 174.9157 -1.1268 171.4438 -15.0581 -4.1478 3.3846 79.8641 -0.7017 6.5688996 21.4546 -0.0030999999 -0 5.8931 0.31919998 -0.6446 1.7681999 0.6473 -1.2894 1.4501 0.6396 -1.2932999 -7.2186 -12.141 -2.4723 4.6825 10.1979 -9.9984 -162.0846 -72.8238 -19.775799 -25.9678 55.684597 17.9664 -25.600199 -7.3191 0.658 12.7616 -8.0096 32.6064 -161.2726 73.2386 20.5992 -9.2712 -54.795998 -32.5878 -32.4511 14.4352 -1.2606 10.0511 2.3923 -11.2156
143.87201 92.059006 169.615 91.7454 -0.6888 -3.9394 179.1284 -0.36159998 162.06549 -11.106999 2.4875998 -9.7262 79.676994 5.3571997 -5.547 21.4546 0.0030999999 -0 174.9319 -1.1304 171.483 -15.0553 -4.1547 3.3732998 79.866196 -0.695 6.5641 21.4546 -0.0030999999 -0 5.8922997 0.3171 -0.644 1.7651999 0.6435 -1.2876999 1.4472 0.6358 -1.2916 -7.2328 -12.1591 -2.4615 4.6664 10.1853 -9.9979 -162.101 -72.8181 -19.758999 -25.925098 55.682697 17.9952 -25.5744 -7.3212 0.65779996 12.7484 -8.0092 32.6037 -161.2562 73.2399 20.6161 -9.2768 -54.791798 -32.570198 -32.435898 14.4191 -1.2609 10.0480995 2.4095 -11.228
143.87201 92.05801 169.60901 91.7343 -0.6892 -3.9136 179.1319 -0.3656 162.0884 -11.1174 2.4882998 -9.7238 79.6837 5.356 -5.5469 21.4546 0.0030999999 0 174.94339 -1.135 171.5141 -15.0609 -4.1628 3.3686 79.8711 -0.6925 6.561 21.4546 -0.0030999999 -0 5.8915 0.3148 -0.6434 1.7623999 0.639 -1.2853999 1.4444 0.6313 -1.2892 -7.2471 -12.171499 -2.4531999 4.6500998 10.1727 -9.997 -162.11879 -72.8104 -19.740799 -25.8829 55.6816 18.027199 -25.5619 -7.3227 0.6577 12.7344 -8.0109 32.603798 -161.233 73.239 20.6398 -9.2747 -54.786198 -32.559498 -32.4265 14.3994 -1.2610999 10.0435 2.4294999 -11.2506
143.875 92.05601 169.60501 91.7229 -0.6889 -3.8857 179.13379 -0.36839998 162.0998 -11.127 2.4891999 -9.7133 79.689896 5.3496 -5.5441 21.4546 0.0030999999 0 174.95099 -1.1395 171.5315 -15.073199 -4.1689 3.3730998 79.8776 -0.69619995 6.5601997 21.4546 -0.0030999999 -0 5.8908997 0.3121 -0.64269996 1.7598 0.6336 -1.2823 1.4417 0.6259 -1.2860999 -7.2577996 -12.1786995 -2.4496 4.6286 10.1605 -9.9983 -162.1349 -72.7997 -19.7244 -25.845 55.681297 18.055199 -25.5595 -7.3212 0.6576 12.7225 -8.0182 32.6102 -161.2105 73.2373 20.663 -9.2638 -54.7805 -32.5585 -32.421497 14.3799 -1.2612 10.0404 2.4494998 -11.2691
143.87901 92.054 169.60101 91.7111 -0.6875 -3.8560998 179.1362 -0.36859998 162.10489 -11.132199 2.4905999 -9.698 79.693695 5.3401 -5.5392 21.4546 0.0030999999 -0 174.95659 -1.1421 171.5371 -15.088699 -4.1710997 3.3853998 79.883995 -0.7047 6.5615997 21.4546 -0.0030999999 -0 5.8903 0.3091 -0.6414 1.7571 0.6274 -1.2787 1.4390999 0.6198 -1.2824999 -7.2618 -12.1826 -2.4515998 4.5968 10.1486 -10.003699 -162.14839 -72.7868 -19.7106 -25.8151 55.683197 18.0738 -25.562199 -7.3149996 0.6576 12.714499 -8.036799 32.6241 -161.1973 73.237 20.6766 -9.2446995 -54.7767 -32.567898 -32.4164 14.3633995 -1.2613 10.041699 2.472 -11.2736
143.886 92.052 169.59901 91.699295 -0.685 -3.8249998 179.13899 -0.3658 162.1116 -11.1326 2.4922 -9.683 79.694496 5.3313 -5.5329 21.4546 0.0030999999 -0 174.96089 -1.1421 171.53949 -15.104 -4.1710997 3.4001 79.8892 -0.71459997 6.5643997 21.4546 -0.0030999999 -0 5.8898 0.3058 -0.6397 1.7544 0.62079996 -1.2749 1.4363999 0.6132 -1.2787 -7.2592998 -12.1859 -2.4582999 4.5544 10.139 -10.0141 -162.1629 -72.7732 -19.695799 -25.7941 55.688797 18.0807 -25.5655 -7.3044996 0.65749997 12.7095995 -8.068 32.648 -161.1947 73.239395 20.6793 -9.2192 -54.775997 -32.5844 -32.409 14.3496 -1.2614 10.045199 2.4973 -11.2662
143.895 92.051 169.59901 91.688194 -0.68189996 -3.793 179.14099 -0.36069998 162.12729 -11.13 2.4933999 -9.6729 79.6931 5.3266997 -5.5256 21.4546 0.0030999999 0 174.9639 -1.1393 171.5485 -15.1171 -4.1713 3.4113998 79.8926 -0.722 6.5676 21.4546 -0.0030999999 -0 5.8894 0.30249998 -0.63809997 1.7519 0.6142 -1.2712 1.4339 0.6067 -1.2749 -7.2531 -12.1915 -2.4679 4.5046 10.1345 -10.0299 -162.1836 -72.7611 -19.674599 -25.7802 55.699398 18.0768 -25.565899 -7.2918997 0.65749997 12.705999 -8.1089 32.6825 -161.2012 73.2452 20.672499 -9.1894 -54.779198 -32.6033 -32.398098 14.337299 -1.2614 10.0475 2.5219998 -11.2543
143.906 92.05 169.6 91.678795 -0.6781 -3.7617998 179.1393 -0.35459998 162.1521 -11.1289 2.4931 -9.6686 79.6916 5.3244 -5.5175 21.4546 0.0030999999 0 174.9636 -1.1338 171.5649 -15.129 -4.1716 3.4180999 79.8946 -0.7258 6.5715 21.4546 -0.0030999999 -0 5.8891 0.2992 -0.6364 1.7493999 0.6076 -1.2678 1.4314 0.6001 -1.2715 -7.2500997 -12.2021 -2.478 4.456 10.1382 -10.050099 -162.21489 -72.7532 -19.6425 -25.7687 55.7159 18.0677 -25.563 -7.2823997 0.6576 12.701699 -8.1474 32.7199 -161.21939 73.2532 20.6538 -9.1586 -54.7852 -32.6222 -32.3845 14.328 -1.2612 10.0497 2.5333998 -11.2434
143.919 92.049 169.60301 91.671394 -0.6737 -3.7333 179.13199 -0.34939998 162.181 -11.133699 2.4907 -9.6684 79.6924 5.3224998 -5.5085 21.4546 0.0030999999 0 174.959 -1.127 171.5838 -15.141299 -4.1716 3.4218998 79.8956 -0.7272 6.5768 21.4546 -0.0030999999 -0 5.8889 0.2958 -0.63479996 1.7472 0.6008 -1.265 1.4290999 0.5933 -1.2686 -7.2562 -12.218699 -2.4863 4.4157 10.151299 -10.0735 -162.26059 -72.7519 -19.595499 -25.7549 55.7384 18.059 -25.5578 -7.2802997 0.6576 12.6964 -8.1703 32.7497 -161.2534 73.2619 20.6187 -9.1299 -54.792797 -32.640198 -32.3687 14.323999 -1.2607 10.0539 2.5198 -11.2366
143.934 92.048004 169.60501 91.6637 -0.6696 -3.7106998 179.12039 -0.3475 162.2024 -11.1479 2.4856 -9.667399 79.697495 5.321 -5.4983997 21.4546 0.0030999999 -0 174.9522 -1.1227 171.5929 -15.155399 -4.1717997 3.4285998 79.8955 -0.7299 6.5846996 21.4546 -0.0030999999 -0 5.8887 0.2923 -0.63299996 1.7458999 0.5937 -1.2619 1.4279 0.5862 -1.2655 -7.2718 -12.24 -2.4924 4.3838 10.171 -10.0982 -162.3237 -72.7579 -19.5305 -25.7368 55.7649 18.0536 -25.553 -7.2861 0.6577 12.6938 -8.1664 32.7599 -161.3091 73.271194 20.5614 -9.1052 -54.801598 -32.658398 -32.351498 14.3271 -1.2602 10.0609 2.4766 -11.231999
143.95201 92.047005 169.608 91.653 -0.6669 -3.6962 179.1075 -0.3504 162.2083 -11.1721 2.4782999 -9.662 79.707596 5.3201 -5.4873 21.4546 0.0030999999 -0 174.9462 -1.1223 171.5844 -15.171 -4.1723 3.4415998 79.894196 -0.7363 6.5955 21.4546 -0.0030999999 -0 5.8886 0.28869998 -0.6313 1.7468 0.5865 -1.2584 1.4288 0.579 -1.2619 -7.2952 -12.2638 -2.4953 4.3588 10.1923 -10.1215 -162.3985 -72.77 -19.453499 -25.716599 55.7925 18.0521 -25.550999 -7.2967997 0.65779996 12.6967 -8.1348 32.7464 -161.38829 73.2821 20.4798 -9.0858 -54.811398 -32.677 -32.3337 14.3355 -1.2598 10.0693 2.4111 -11.23
143.97 92.046005 169.61101 91.6365 -0.66639996 -3.6901999 179.0978 -0.35779998 162.1974 -11.203799 2.4701998 -9.6521 79.721695 5.3199997 -5.476 21.4546 0.0030999999 0 174.94519 -1.1237999 171.5577 -15.1866 -4.1727 3.4610999 79.891 -0.7463 6.6092997 21.4546 -0.0030999999 -0 5.8886 0.2852 -0.6295 1.7509999 0.57949996 -1.2545999 1.433 0.5721 -1.2580999 -7.3220997 -12.2871 -2.4944 4.3385997 10.2091 -10.139999 -162.46849 -72.784096 -19.3814 -25.7001 55.8176 18.0527 -25.5537 -7.3047 0.6579 12.7060995 -8.0868 32.7152 -161.4876 73.2967 20.377699 -9.072599 -54.8224 -32.6946 -32.3159 14.3427 -1.2595 10.0752 2.3446999 -11.2344
143.988 92.04401 169.61401 91.613396 -0.6671 -3.6917 179.0942 -0.3671 162.17679 -11.2382 2.4624 -9.6414995 79.7372 5.3203998 -5.4653 21.4546 0.0030999999 0 174.9507 -1.1259 171.5213 -15.2013 -4.1742997 3.4828 79.8865 -0.75729996 6.6252 21.4546 -0.0030999999 -0 5.8886 0.2819 -0.6275 1.7585 0.573 -1.2508 1.4405 0.56549996 -1.2542 -7.3494997 -12.308 -2.4891 4.3237 10.2189 -10.1514 -162.5242 -72.796394 -19.324 -25.690699 55.837597 18.053 -25.5619 -7.3039 0.658 12.7205 -8.0397 32.6821 -161.5927 73.3163 20.269499 -9.066999 -54.835598 -32.706898 -32.2992 14.342 -1.2591 10.0756 2.2968 -11.248199
144.00601 92.04201 169.61801 91.5848 -0.667 -3.6983 179.09819 -0.3744 162.1595 -11.269199 2.455 -9.6363 79.7503 5.3209 -5.4563 21.4546 0.0030999999 -0 174.96129 -1.1281999 171.4888 -15.214999 -4.179 3.5001998 79.881294 -0.76489997 6.6422 21.4546 -0.0030999999 -0 5.8887 0.27899998 -0.6252 1.7681999 0.567 -1.247 1.4502 0.5596 -1.2504 -7.3747997 -12.3255 -2.4792 4.3163 10.2225 -10.154799 -162.56259 -72.804 -19.284399 -25.6891 55.8507 18.050999 -25.5751 -7.2906 0.65819997 12.736099 -8.012199 32.666798 -161.683 73.3409 20.1764 -9.0697 -54.8517 -32.7086 -32.284798 14.327399 -1.2587999 10.0688 2.2817 -11.2731
144.024 92.04 169.62201 91.5544 -0.666 -3.7078 179.10669 -0.37739998 162.1555 -11.294 2.4484 -9.6412 79.758995 5.3255 -5.4495 21.4546 0.0030999999 -0 174.9728 -1.1302999 171.4679 -15.2286 -4.1867 3.51 79.876495 -0.7671 6.6593 21.4546 -0.0030999999 -0 5.8887997 0.2762 -0.6227 1.778 0.5614 -1.2429999 1.4599999 0.5541 -1.2463 -7.3968 -12.3399 -2.4668 4.3187 10.2225 -10.1521 -162.5869 -72.8081 -19.2593 -25.692999 55.858997 18.048 -25.5893 -7.2681 0.6583 12.7471 -8.0095 32.6739 -161.74379 73.367096 20.1136 -9.078 -54.869698 -32.7006 -32.2748 14.3004 -1.2586 10.0567 2.2965 -11.3061
144.043 92.039 169.628 91.526695 -0.6649 -3.7178 179.11519 -0.3752 162.1693 -11.3118 2.4431999 -9.6574 79.7621 5.3377 -5.4452996 21.4546 0.0030999999 -0 174.9803 -1.1314 171.461 -15.2427 -4.1963 3.5117 79.8725 -0.7639 6.6755 21.4546 -0.0030999999 -0 5.889 0.2733 -0.6206 1.7856 0.55579996 -1.2384 1.4676 0.5485 -1.2416999 -7.4139 -12.3517 -2.4548 4.3307 10.2223 -10.1470995 -162.6046 -72.8116 -19.2411 -25.6987 55.865997 18.0458 -25.5996 -7.2425 0.65849996 12.748199 -8.0288 32.7001 -161.76909 73.3911 20.0874 -9.0871 -54.8882 -32.6877 -32.2701 14.2668 -1.2583 10.0421 2.33 -11.342999
144.063 92.037 169.634 91.5049 -0.6637 -3.7277 179.1191 -0.36929998 162.1909 -11.323899 2.4407 -9.6783 79.759995 5.3529 -5.4426 21.4546 0.0030999999 0 174.98079 -1.1301 171.4619 -15.2567 -4.2055 3.511 79.868195 -0.759 6.6914997 21.4546 -0.0030999999 -0 5.8891997 0.2704 -0.6189 1.7895999 0.55 -1.2330999 1.4715999 0.5427 -1.2364 -7.424 -12.361799 -2.447 4.3436 10.2246 -10.1446 -162.6277 -72.8181 -19.2173 -25.6996 55.8743 18.0423 -25.603899 -7.2205997 0.6587 12.738 -8.0596 32.737698 -161.77559 73.4104 20.0805 -9.0913 -54.9068 -32.6776 -32.2688 14.2376995 -1.2580999 10.0265 2.3676999 -11.3817
144.084 92.037 169.641 91.4905 -0.6622 -3.7373998 179.11589 -0.362 162.2078 -11.332399 2.4414 -9.6959 79.753296 5.3655 -5.4398 21.4546 0.0030999999 0 174.97339 -1.1262 171.46309 -15.2696 -4.2125998 3.5123 79.8624 -0.7554 6.7074 21.4546 -0.0030999999 -0 5.8894 0.2674 -0.6178 1.7896999 0.5438 -1.2277 1.4717 0.5365 -1.2308999 -7.4255996 -12.3713 -2.4457998 4.3479 10.2311 -10.149 -162.66539 -72.8295 -19.1784 -25.690699 55.885098 18.035799 -25.6019 -7.2075996 0.65889996 12.7176 -8.092 32.7793 -161.7842 73.4247 20.071499 -9.087999 -54.9254 -32.6767 -32.2676 14.2216 -1.2578 10.0109 2.3983 -11.4193
144.106 92.037 169.647 91.481895 -0.6606 -3.7473998 179.10649 -0.3558 162.2103 -11.339499 2.4438 -9.704599 79.7433 5.3719 -5.4353 21.4546 0.0030999999 0 174.9603 -1.1216999 171.46019 -15.2807 -4.2167 3.5145998 79.855095 -0.75299996 6.7219 21.4546 -0.0030999999 -0 5.8898 0.2641 -0.617 1.7873 0.5373 -1.2241 1.4692 0.5301 -1.2272999 -7.4195 -12.382299 -2.4508998 4.3363 10.2415 -10.1619 -162.71779 -72.844696 -19.1244 -25.6719 55.8964 18.027199 -25.5964 -7.2043 0.659 12.6922 -8.121699 32.8211 -161.8127 73.4368 20.042099 -9.0810995 -54.9441 -32.6858 -32.2632 14.2204 -1.2576 9.9969 2.4184 -11.448899
144.13 92.037 169.65302 91.476295 -0.6588 -3.758 179.0945 -0.3516 162.19449 -11.345099 2.4469 -9.7022 79.7307 5.3712997 -5.4283 21.4546 0.0030999999 0 174.9444 -1.1173999 171.4538 -15.290099 -4.218 3.5158 79.8468 -0.7503 6.7339997 21.4546 -0.0030999999 -0 5.8901 0.2608 -0.6163 1.7838 0.5305 -1.2228999 1.4657999 0.5233 -1.226 -7.4077997 -12.394899 -2.4607 4.3078 10.2535 -10.181399 -162.7817 -72.8622 -19.0585 -25.644299 55.905598 18.0214 -25.591599 -7.2096 0.6592 12.6682 -8.1462 32.8584 -161.8638 73.450096 19.9895 -9.0766 -54.9643 -32.7019 -32.2541 14.231 -1.2573999 9.9859 2.4289 -11.463799
144.153 92.038 169.65901 91.4705 -0.65669996 -3.7698998 179.08499 -0.348 162.1638 -11.3467 2.4494 -9.6908 79.7154 5.365 -5.4186 21.4546 0.0030999999 0 174.92859 -1.1119 171.4502 -15.298699 -4.2170997 3.5131 79.8386 -0.7456 6.7436 21.4546 -0.0030999999 -0 5.8905 0.2572 -0.61579996 1.7809 0.5234 -1.2226 1.4628999 0.5161 -1.2257999 -7.3932 -12.4064 -2.4722 4.2693 10.2631 -10.2024 -162.85089 -72.8805 -18.987099 -25.610199 55.9097 18.0267 -25.592 -7.2201996 0.6594 12.6524 -8.1648 32.8853 -161.9234 73.467896 19.928099 -9.0810995 -54.9888 -32.7187 -32.241398 14.246599 -1.2572 9.9796 2.4345999 -11.4579
144.175 92.038 169.66501 91.4627 -0.6541 -3.7833998 179.0797 -0.3444 162.1263 -11.3448 2.4505 -9.6755 79.6985 5.3564 -5.407 21.4546 0.0030999999 0 174.9138 -1.1043999 171.4533 -15.3087 -4.2152 3.5044 79.831795 -0.73749995 6.7503 21.4546 -0.0030999999 -0 5.8908997 0.25329998 -0.61539996 1.7785 0.5157 -1.2228999 1.4604 0.50839996 -1.226 -7.3761997 -12.413199 -2.4836 4.2307 10.2675 -10.2197 -162.9162 -72.8994 -18.919899 -25.574299 55.907997 18.049099 -25.596699 -7.2339997 0.65959996 12.6488 -8.1744995 32.8927 -161.9792 73.4908 19.8706 -9.0945 -55.0182 -32.7331 -32.2285 14.260099 -1.257 9.9773 2.4411 -11.4348
144.197 92.039 169.671 91.4523 -0.6505 -3.7991998 179.0777 -0.34059998 162.0921 -11.3433 2.4492 -9.6628 79.682 5.3497 -5.3950996 21.4546 0.0030999999 0 174.89879 -1.0952 171.46399 -15.323099 -4.2139 3.4886 79.827995 -0.7254 6.7539 21.4546 -0.0030999999 -0 5.8912997 0.2491 -0.6153 1.7756 0.5072 -1.2236999 1.4576 0.5 -1.2267 -7.3560996 -12.4123 -2.4936 4.2032 10.2651 -10.229199 -162.96649 -72.9191 -18.868 -25.542398 55.900997 18.0901 -25.600698 -7.2490997 0.6598 12.658299 -8.1718 32.8718 -162.0233 73.517296 19.824999 -9.1123 -55.0514 -32.7441 -32.2197 14.265599 -1.2567999 9.9765 2.4533 -11.405499
144.22 92.038 169.677 91.4402 -0.64599997 -3.8188999 179.0743 -0.3376 162.0638 -11.3495 2.4456 -9.655399 79.6693 5.3466 -5.3844 21.4546 0.0030999999 0 174.8797 -1.0864999 171.4764 -15.347699 -4.2141 3.4689 79.828896 -0.7111 6.7559 21.4546 -0.0030999999 -0 5.8918 0.2443 -0.6153 1.7727 0.49769998 -1.2247 1.4547 0.4904 -1.2276 -7.3325996 -12.4059 -2.5016 4.1916 10.2611 -10.2318 -162.99579 -72.9396 -18.8377 -25.5175 55.8891 18.1391 -25.598999 -7.2630997 0.6599 12.6769 -8.1549 32.8301 -162.06349 73.545 19.7834 -9.128699 -55.0858 -32.7529 -32.2174 14.2623 -1.2566 9.974 2.47 -11.3846
144.24501 92.037 169.68102 91.4274 -0.6404 -3.8444 179.06439 -0.3366 162.04059 -11.3705 2.4401 -9.654099 79.6634 5.3473 -5.3766 21.4546 0.0030999999 0 174.8519 -1.0816 171.4827 -15.3884 -4.2176 3.4492998 79.8359 -0.6971 6.7583 21.4546 -0.0030999999 -0 5.8922997 0.23879999 -0.6156 1.7706 0.4867 -1.2258999 1.4525 0.47939998 -1.2287999 -7.3071 -12.398399 -2.5072 4.1974 10.2628 -10.230599 -163.0013 -72.96 -18.8318 -25.5012 55.871998 18.1814 -25.587599 -7.2725997 0.6601 12.698899 -8.1262 32.7835 -162.1115 73.571 19.7339 -9.1406 -55.1182 -32.7602 -32.222 14.2521 -1.2564 9.967999 2.4859 -11.383699
144.272 92.033005 169.68301 91.4143 -0.6337 -3.8774 179.0465 -0.3385 162.01909 -11.408 2.4334 -9.658199 79.664795 5.3511 -5.3719997 21.4546 0.0030999999 0 174.81279 -1.084 171.4789 -15.448999 -4.2286 3.432 79.849495 -0.6842 6.7632 21.4546 -0.0030999999 -0 5.8926 0.23269999 -0.616 1.7696999 0.47439998 -1.2275 1.4516 0.4671 -1.2303 -7.2857 -12.3966 -2.5098 4.2188 10.2767 -10.2303 -162.9866 -72.977196 -18.8468 -25.495699 55.846897 18.2055 -25.565699 -7.2739 0.6602 12.718599 -8.0992 32.7542 -162.1713 73.5927 19.6722 -9.1552 -55.1457 -32.7632 -32.2313 14.239699 -1.2562 9.9616995 2.4898 -11.396999
144.304 92.02801 169.68301 91.4004 -0.6265 -3.9185998 179.02199 -0.3436 161.99919 -11.4588995 2.4257 -9.6678 79.672295 5.3582 -5.3705 21.4546 0.0030999999 0 174.76309 -1.0954 171.4675 -15.528299 -4.2506 3.4155 79.8686 -0.6714 6.7711 21.4546 -0.0030999999 -0 5.8933 0.2261 -0.6166 1.7712 0.4612 -1.2294999 1.4531 0.45389998 -1.2322 -7.2739997 -12.4045 -2.5087 4.2507997 10.3042 -10.2337 -162.9636 -72.9898 -18.8703 -25.500399 55.8122 18.2068 -25.534399 -7.2654996 0.6604 12.7314 -8.0856 32.758198 -162.2392 73.6099 19.602299 -9.1814995 -55.166798 -32.7578 -32.2427 14.229 -1.2559999 9.9594 2.4737 -11.4137
144.33801 92.022 169.679 91.383995 -0.6203 -3.9661 178.9971 -0.3511 161.9872 -11.5139 2.4171 -9.685699 79.6817 5.3701997 -5.3721 21.4546 0.0030999999 -0 174.70909 -1.1148 171.4624 -15.6165 -4.2837 3.3927999 79.8894 -0.65389997 6.7792997 21.4546 -0.0030999999 -0 5.8961997 0.2197 -0.6175 1.7772 0.4486 -1.2317 1.4591999 0.4412 -1.2343999 -7.2753 -12.4205 -2.504 4.2844 10.3384 -10.2401 -162.9576 -72.9998 -18.8764 -25.5092 55.7697 18.192299 -25.4972 -7.2510996 0.6605 12.734699 -8.0899 32.7968 -162.29959 73.625595 19.5401 -9.228499 -55.1839 -32.739098 -32.2552 14.2212 -1.2558 9.965 2.4394 -11.4206
144.375 92.01601 169.675 91.3655 -0.617 -4.0153 178.9762 -0.35979998 161.9934 -11.5629 2.408 -9.7154 79.6886 5.3898 -5.3761997 21.4546 0.0030999999 0 174.65869 -1.1384 171.47429 -15.698 -4.3224 3.3595 79.9056 -0.6295 6.784 21.4546 -0.0030999999 -0 5.9017 0.21419999 -0.6193 1.7881999 0.4378 -1.2353 1.4702 0.4305 -1.2379999 -7.2869997 -12.4369 -2.4974 4.3111997 10.3693 -10.2459 -162.98639 -73.0113 -18.8466 -25.5169 55.7234 18.1716 -25.4574 -7.2352 0.6606 12.7294 -8.1078 32.8581 -162.34329 73.6418 19.494999 -9.2949 -55.1992 -32.707397 -32.2702 14.2154 -1.2555 9.9776 2.399 -11.414599
144.41301 92.012 169.67001 91.346794 -0.6186 -4.0599 178.9615 -0.368 162.03029 -11.596499 2.3987 -9.7606 79.6884 5.4196 -5.3820996 21.4546 0.0030999999 -0 174.62039 -1.1596999 171.5074 -15.7519 -4.3561 3.3158 79.908295 -0.5992 6.7802997 21.4546 -0.0030999999 -0 5.9086 0.211 -0.6229 1.8021 0.4301 -1.2425 1.484 0.4227 -1.2451 -7.3006997 -12.4404 -2.4917998 4.3238997 10.3848 -10.245399 -163.0569 -73.0303 -18.774 -25.5201 55.6797 18.1541 -25.4182 -7.2228 0.66069996 12.720699 -8.1264 32.9178 -162.3694 73.6587 19.4681 -9.3685 -55.2136 -32.6694 -32.2911 14.2092 -1.2552999 9.9909 2.3734999 -11.4042
144.45201 92.011 169.66801 91.3313 -0.627 -4.0949 178.9505 -0.3766 162.09909 -11.611199 2.3895 -9.8192 79.6818 5.4586 -5.3873997 21.4546 0.0030999999 -0 174.59749 -1.1759 171.5524 -15.7655 -4.3759 3.2688 79.8913 -0.5682 6.7669997 21.4546 -0.0030999999 -0 5.9156 0.2096 -0.62839997 1.816 0.42639998 -1.2536 1.4979999 0.41889998 -1.2560999 -7.3087997 -12.4253 -2.4882998 4.3227 10.3817 -10.2354 -163.166 -73.0579 -18.6616 -25.5177 55.641197 18.1442 -25.3841 -7.2156997 0.6608 12.7142 -8.1322 32.9538 -162.3823 73.675095 19.454699 -9.4331 -55.2271 -32.635 -32.321198 14.203799 -1.255 9.999499 2.3741999 -11.404099
144.49301 92.01401 169.667 91.3232 -0.6434 -4.1176 178.9382 -0.38799998 162.191 -11.6085 2.3797 -9.8845 79.672295 5.5034 -5.3887997 21.4546 0.0030999999 -0 174.5892 -1.1868 171.59149 -15.7337 -4.3754 3.2305 79.8511 -0.5444 6.7455997 21.4546 -0.0030999999 -0 5.9210997 0.2087 -0.63519996 1.8269999 0.42729998 -1.2672 1.509 0.41979998 -1.2698 -7.3055997 -12.3924 -2.4859998 4.3132 10.363299 -10.2148 -163.3031 -73.091896 -18.5204 -25.510399 55.6077 18.1422 -25.3599 -7.2131996 0.6608 12.715 -8.113999 32.9492 -162.38899 73.689095 19.4476 -9.472 -55.2388 -32.614 -32.3628 14.2026 -1.2547 9.9993 2.4029 -11.4296
144.53601 92.019005 169.669 91.3247 -0.6656 -4.1296 178.9178 -0.4046 162.2849 -11.597899 2.3672 -9.9445 79.6645 5.5464 -5.3828 21.4546 0.0030999999 -0 174.5885 -1.1948 171.6062 -15.667 -4.3571997 3.2114 79.7914 -0.5341 6.7209997 21.4546 -0.0030999999 -0 5.9242997 0.20809999 -0.6423 1.8334 0.43199998 -1.2813 1.5153999 0.4244 -1.2839 -7.2922997 -12.3509 -2.4824998 4.3054 10.3386 -10.1866 -163.4504 -73.127396 -18.368599 -25.504799 55.577297 18.1421 -25.348299 -7.2121 0.6608 12.7246 -8.0788 32.9054 -162.394 73.698296 19.4424 -9.4797 -55.2464 -32.6086 -32.4137 14.204499 -1.2544 9.9915 2.4450998 -11.479899
144.58301 92.026 169.673 91.3362 -0.68979996 -4.1348 178.8839 -0.42839998 162.3564 -11.5911 2.3497 -9.9865 79.6627 5.5797997 -5.3669 21.4546 0.0030999999 -0 174.58629 -1.2026 171.5839 -15.5835 -4.328 3.2177 79.719795 -0.54069996 6.6987 21.4546 -0.0030999999 -0 5.9251 0.20809999 -0.64849997 1.8350999 0.43879998 -1.2935 1.5171 0.4312 -1.2961999 -7.2728 -12.3122 -2.4754999 4.308 10.316899 -10.1552 -163.5875 -73.159195 -18.2274 -25.5091 55.548397 18.135399 -25.3499 -7.2096996 0.6608 12.741699 -8.04 32.8353 -162.4025 73.701 19.433699 -9.4579 -55.247097 -32.6161 -32.468597 14.207399 -1.2541 9.979099 2.4831998 -11.547199
144.632 92.033005 169.67801 91.353294 -0.71199995 -4.1386 178.83809 -0.4585 162.3861 -11.596499 2.3267 -10.002299 79.6698 5.598 -5.3406 21.4546 0.0030999999 -0 174.57489 -1.212 171.5311 -15.5076 -4.2978997 3.243 79.648796 -0.5595 6.6815 21.4546 -0.0030999999 -0 5.9247 0.2086 -0.65309995 1.8342999 0.44619998 -1.3029 1.5163 0.4385 -1.3054999 -7.2528996 -12.283999 -2.4645 4.3220997 10.3013 -10.125199 -163.694 -73.183395 -18.1178 -25.5309 55.521797 18.1139 -25.362598 -7.2068 0.66069996 12.7609 -8.0117 32.7649 -162.4245 73.699196 19.4112 -9.4186 -55.2399 -32.6274 -32.5172 14.210099 -1.2537 9.9648 2.5089998 -11.62
144.68301 92.038 169.68501 91.3705 -0.7281 -4.1465 178.7852 -0.49069998 162.366 -11.6174 2.2999 -9.9902 79.6855 5.5992 -5.3059998 21.4546 0.0030999999 -0 174.549 -1.2227 171.4626 -15.4606 -4.2760997 3.2759 79.59 -0.5826 6.6702 21.4546 -0.0030999999 -0 5.9249 0.2094 -0.65599996 1.8343999 0.452 -1.3084999 1.5164 0.44419998 -1.3111 -7.2372 -12.269799 -2.4506 4.345 10.291699 -10.0997 -163.75659 -73.199295 -18.0534 -25.5745 55.499897 18.0733 -25.3835 -7.2057996 0.66069996 12.7767 -8.0015 32.7154 -162.4686 73.6958 19.3659 -9.375299 -55.2254 -32.6353 -32.5486 14.2111 -1.2533 9.9503 2.5223 -11.6875
144.73201 92.039 169.69402 91.3816 -0.7344 -4.1624 178.73369 -0.5158 162.3066 -11.6493 2.2747 -9.959499 79.703995 5.5881 -5.2686 21.4546 0.0030999999 0 174.5078 -1.2315999 171.4014 -15.4556 -4.2696 3.3009999 79.5517 -0.6001 6.6629 21.4546 -0.0030999999 -0 5.927 0.2105 -0.6569 1.8384999 0.45389998 -1.3102 1.5205 0.4461 -1.3133999 -7.2283998 -12.2666 -2.4357 4.3705 10.2836 -10.0792 -163.77449 -73.2103 -18.034899 -25.637999 55.486397 18.0171 -25.409899 -7.2105 0.6606 12.7843 -8.0058 32.6939 -162.5391 73.6948 19.293499 -9.341 -55.2072 -32.6378 -32.5531 14.2083 -1.2529 9.9337 2.5333 -11.741799
144.78001 92.038 169.705 91.3826 -0.73039997 -4.1882997 178.69249 -0.52669996 162.2278 -11.6827 2.2565 -9.924 79.719696 5.5726 -5.2342 21.4546 0.0030999999 0 174.45459 -1.2357 171.3629 -15.4939995 -4.2785 3.3077998 79.5359 -0.60539997 6.6573997 21.4546 -0.0030999999 -0 5.9318 0.2119 -0.65639997 1.8482 0.452 -1.3089 1.5302 0.44419998 -1.3129 -7.2244 -12.2683 -2.421 4.3929 10.2715 -10.0612 -163.762 -73.2183 -18.0476 -25.711899 55.480698 17.9566 -25.442799 -7.2216997 0.6604 12.7829 -8.0168 32.698498 -162.6304 73.6988 19.1997 -9.3213 -55.189 -32.6382 -32.5281 14.202 -1.2523999 9.915999 2.5469 -11.7747
144.82501 92.034004 169.71901 91.3717 -0.7191 -4.2233 178.6693 -0.5189 162.15689 -11.7043 2.2496 -9.9001 79.728195 5.5625997 -5.2079997 21.4546 0.0030999999 -0 174.3963 -1.2326 171.3532 -15.5651 -4.2963 3.2928 79.5386 -0.5963 6.6506996 21.4546 -0.0030999999 -0 5.9395 0.21339999 -0.6551 1.8635999 0.4491 -1.3065 1.5455999 0.44129997 -1.3102 -7.2193 -12.2667 -2.4061 4.4075 10.249499 -10.040299 -163.7462 -73.2229 -18.063799 -25.7792 55.477497 17.9095 -25.4865 -7.2369 0.6602 12.775499 -8.0231 32.7191 -162.7263 73.708496 19.1012 -9.314899 -55.1732 -32.6437 -32.4787 14.1952 -1.2519 9.9008 2.5619 -11.7781
144.86601 92.02901 169.73601 91.351295 -0.70449996 -4.2626 178.6637 -0.49499997 162.1147 -11.71 2.2533 -9.8972 79.7276 5.5642 -5.192 21.4546 0.0030999999 -0 174.3411 -1.2249 171.3678 -15.6505995 -4.3195 3.2617 79.5514 -0.5786 6.6345 21.4546 -0.0030999999 -0 5.949 0.21509999 -0.6537 1.8826 0.4466 -1.3041999 1.5646 0.4389 -1.3069 -7.2098 -12.2564 -2.3890998 4.4157 10.2163 -10.0116 -163.7443 -73.2249 -18.0658 -25.829899 55.473198 17.8877 -25.542 -7.2514997 0.65999997 12.764299 -8.0203 32.7423 -162.8041 73.722496 19.0212 -9.3165 -55.1611 -32.657898 -32.417297 14.1889 -1.2514 9.890699 2.5749 -11.749
144.903 92.025 169.753 91.326096 -0.69089997 -4.2985 178.6696 -0.46199998 162.1147 -11.7026 2.2635 -9.9182 79.7183 5.5796 -5.1854997 21.4546 0.0030999999 0 174.2968 -1.2175 171.3961 -15.7287 -4.3458 3.2256 79.5636 -0.5615 6.6018 21.4546 -0.0030999999 -0 5.9586997 0.21669999 -0.6529 1.902 0.4457 -1.3026 1.584 0.438 -1.3051 -7.1942997 -12.2343 -2.3674 4.4227 10.174 -9.970699 -163.76509 -73.225395 -18.0444 -25.8596 55.466198 17.8962 -25.607199 -7.2608 0.6597 12.7514 -8.0075 32.7548 -162.8414 73.7383 18.9827 -9.3182 -55.152 -32.6812 -32.3589 14.182799 -1.2507 9.8871 2.5825999 -11.691199
144.93701 92.022 169.76901 91.3012 -0.6807 -4.3231 178.67729 -0.4296 162.1529 -11.6925 2.2728999 -9.955299 79.7056 5.6049 -5.184 21.4546 0.0030999999 -0 174.2674 -1.211 171.4263 -15.783899 -4.3703 3.1954 79.5676 -0.5477 6.5706 21.4546 -0.0030999999 -0 5.9670997 0.21859999 -0.6538 1.9188 0.4475 -1.304 1.6007999 0.43969998 -1.3067 -7.1721997 -12.201099 -2.3394 4.4333997 10.1265 -9.916699 -163.8065 -73.226 -18.001799 -25.8715 55.459297 17.9242 -25.674799 -7.264 0.6594 12.7406 -7.9827 32.750797 -162.8367 73.7504 18.9874 -9.3101 -55.1409 -32.7099 -32.3148 14.173599 -1.2497 9.8885 2.5869 -11.6293
144.968 92.021 169.783 91.2809 -0.675 -4.3303 178.67729 -0.40699998 162.2164 -11.691 2.2742999 -9.9963 79.6961 5.6334996 -5.1816 21.4546 0.0030999999 -0 174.2538 -1.2049 171.4475 -15.8074 -4.3877997 3.1801 79.5586 -0.5392 6.5579 21.4546 -0.0030999999 -0 5.9730997 0.22119999 -0.6569 1.9307 0.4527 -1.3102 1.6127 0.44489998 -1.3129 -7.1445 -12.1593 -2.3049998 4.4528 10.0786 -9.851299 -163.8609 -73.2286 -17.9459 -25.8732 55.4571 17.955 -25.735699 -7.2623 0.6591 12.7364 -7.9441996 32.7285 -162.80069 73.753395 19.024399 -9.283 -55.1218 -32.7399 -32.290897 14.1586 -1.2486 9.8921995 2.5916998 -11.5914
144.996 92.022 169.79501 91.2668 -0.6738 -4.3206 178.66539 -0.3985 162.284 -11.7049 2.2645 -10.0285 79.6943 5.6577997 -5.1735 21.4546 0.0030999999 -0 174.2515 -1.1991999 171.4522 -15.8043995 -4.3945 3.1831 79.538895 -0.5412 6.5534 21.4546 -0.0030999999 -0 5.9765997 0.225 -0.66179997 1.9376999 0.4606 -1.3198999 1.6197 0.45279998 -1.3226 -7.1157 -12.112599 -2.2683 4.4862 10.0351 -9.7806 -163.9149 -73.2353 -17.890299 -25.8779 55.465 17.9695 -25.780699 -7.258 0.6586 12.7428 -7.8938 32.6899 -162.7587 73.7435 19.0676 -9.233399 -55.091 -32.771 -32.2818 14.1394 -1.2475 9.8954 2.6016998 -11.5939
145.024 92.025 169.807 91.2583 -0.6759 -4.2988 178.6413 -0.4042 162.3371 -11.7353 2.2437 -10.0435 79.701996 5.6728997 -5.1572 21.4546 0.0030999999 -0 174.25479 -1.193 171.4371 -15.784699 -4.3887997 3.2036998 79.512794 -0.5556 6.5485 21.4546 -0.0030999999 -0 5.9782 0.2297 -0.66719997 1.9409 0.4702 -1.3306 1.6228 0.4623 -1.3334 -7.0902 -12.0645 -2.2329 4.5348997 9.9978 -9.7102995 -163.9616 -73.2461 -17.8423 -25.8921 55.485897 17.9558 -25.806599 -7.253 0.65819997 12.760099 -7.8382998 32.6446 -162.73259 73.7205 19.094599 -9.1638 -55.0477 -32.804398 -32.277798 14.119599 -1.2463 9.8973 2.6185 -11.6359
145.05101 92.02701 169.81902 91.252495 -0.6792 -4.2746 178.6113 -0.41799998 162.3651 -11.776199 2.2166998 -10.0413 79.7167 5.678 -5.1341 21.4546 0.0030999999 -0 174.25839 -1.1840999 171.4047 -15.761399 -4.3724 3.235 79.4858 -0.5771 6.5453 21.4546 -0.0030999999 -0 5.9792 0.2348 -0.67149997 1.9426999 0.48029998 -1.3391 1.6247 0.47239998 -1.3419 -7.0712 -12.016999 -2.2007 4.5947 9.962999 -9.6431 -164.0045 -73.2566 -17.7981 -25.91 55.517597 17.9146 -25.820599 -7.2483997 0.6577 12.782499 -7.7921 32.6137 -162.73349 73.6894 19.094 -9.0848 -54.9967 -32.8421 -32.265697 14.1047 -1.245 9.901 2.6376998 -11.690499
145.07701 92.03001 169.83301 91.2467 -0.6816 -4.255 178.5811 -0.433 162.3716 -11.82 2.1887 -10.0288 79.7345 5.6766996 -5.108 21.4546 0.0030999999 0 174.258 -1.1724 171.366 -15.745399 -4.3517 3.2668998 79.463 -0.5986 6.5453 21.4546 -0.0030999999 -0 5.9804997 0.23969999 -0.6738 1.9453 0.49019998 -1.3435999 1.6272999 0.48229998 -1.3464999 -7.0606 -11.9688 -2.1704 4.6605997 9.9258995 -9.5769 -164.0446 -73.263695 -17.756899 -25.925499 55.556 17.8599 -25.831099 -7.2444997 0.65709996 12.8031 -7.7644 32.6096 -162.76 73.6576 19.067 -9.0096 -54.945198 -32.8829 -32.2361 14.0967 -1.2435 9.9099 2.6516 -11.7314
145.102 92.03001 169.84702 91.2392 -0.68149996 -4.2434 178.5557 -0.4423 162.373 -11.8589 2.1643 -10.018499 79.7501 5.6762 -5.0843997 21.4546 0.0030999999 0 174.2507 -1.1594 171.33899 -15.744599 -4.3366 3.2875998 79.4487 -0.6119 6.5477 21.4546 -0.0030999999 -0 5.9828 0.24409999 -0.6742 1.9497999 0.4992 -1.3442 1.6317999 0.4912 -1.3472999 -7.0592 -11.9157 -2.1374 4.7271 9.8813 -9.5054 -164.0781 -73.265396 -17.722399 -25.9333 55.5951 17.8161 -25.846199 -7.2408 0.6565 12.814799 -7.7581 32.633198 -162.7995 73.6333 19.0266 -8.9522 -54.9025 -32.9217 -32.184498 14.0941 -1.242 9.9269 2.651 -11.7376995
145.125 92.03001 169.863 91.2297 -0.6774 -4.2385 178.53659 -0.44169998 162.38069 -11.8898 2.1462998 -10.0166 79.7614 5.6798997 -5.0664 21.4546 0.0030999999 0 174.2349 -1.1466 171.33899 -15.764199 -4.3357997 3.2895 79.446396 -0.6116 6.5536 21.4546 -0.0030999999 -0 5.9860997 0.248 -0.67329997 1.9562999 0.5069 -1.3419 1.6383 0.4989 -1.3449 -7.0655 -11.8561 -2.0969 4.7901 9.826099 -9.4230995 -164.09709 -73.2593 -17.7029 -25.9338 55.6289 17.7995 -25.868399 -7.2373 0.6558 12.8165 -7.7669997 32.6712 -162.8335 73.6193 18.991999 -8.9207 -54.8718 -32.9511 -32.1137 14.092099 -1.2401999 9.9509 2.6316 -11.714
145.147 92.02701 169.878 91.217896 -0.6683 -4.2365 178.52359 -0.4296 162.4011 -11.912399 2.1357 -10.025 79.7678 5.6886 -5.0551 21.4546 0.0030999999 -0 174.2101 -1.1355 171.3763 -15.807099 -4.3554997 3.2696998 79.458496 -0.5951 6.5646 21.4546 -0.0030999999 -0 5.99 0.2512 -0.6717 1.9641999 0.5133 -1.3381 1.6460999 0.5053 -1.3407999 -7.0761 -11.7892 -2.0449 4.8471 9.7577 -9.3255 -164.09329 -73.2436 -17.706999 -25.9299 55.652 17.8177 -25.8962 -7.2342997 0.655 12.8112 -7.7811 32.7047 -162.8436 73.6139 18.9816 -8.9171 -54.8522 -32.9645 -32.031097 14.085199 -1.2379999 9.977799 2.5939999 -11.6784
145.16501 92.022 169.893 91.2038 -0.6545 -4.2337 178.5174 -0.4078 162.4341 -11.9274 2.1304 -10.0413 79.7705 5.7012997 -5.0492 21.4546 0.0030999999 0 174.1788 -1.1262 171.4449 -15.8715 -4.3938 3.2335 79.484795 -0.56619996 6.5808997 21.4546 -0.0030999999 -0 5.994 0.2536 -0.6698 1.9720999 0.5182 -1.3339 1.6541 0.51019996 -1.3371999 -7.0852 -11.7105 -1.9821999 4.9002 9.6684 -9.2088995 -164.0681 -73.2196 -17.733 -25.925 55.6632 17.8585 -25.921799 -7.2306 0.65419996 12.8047 -7.7917 32.7238 -162.8293 73.6103 18.9963 -8.9303 -54.837498 -32.9668 -31.946999 14.072 -1.2354 10.0008 2.5493999 -11.6435995
145.18001 92.01601 169.90701 91.187195 -0.63699996 -4.2272 178.5185 -0.3803 162.4731 -11.935599 2.1273 -10.0594 79.7709 5.7142997 -5.046 21.4546 0.0030999999 0 174.14499 -1.1187 171.5309 -15.9527 -4.4445 3.1906 79.5232 -0.5318 6.6018996 21.4546 -0.0030999999 -0 5.9974 0.2553 -0.66789997 1.9787999 0.5216 -1.3306 1.6608 0.5137 -1.3356 -7.088 -11.6119995 -1.9092 4.9561 9.5465 -9.0664 -164.0296 -73.1898 -17.7728 -25.918798 55.664097 17.9046 -25.937399 -7.2249 0.6533 12.8022995 -7.7945 32.7263 -162.7995 73.6024 19.027 -8.946 -54.821198 -32.967197 -31.8704 14.0536995 -1.2327 10.0131 2.5145 -11.611899
145.18901 92.008 169.919 91.1687 -0.61899996 -4.2160997 178.52719 -0.35439998 162.4991 -11.9382 2.1234999 -10.0671 79.771095 5.7205 -5.0415 21.4546 0.0030999999 0 174.1147 -1.1129 171.6122 -16.0397 -4.4962 3.1534 79.5682 -0.5011 6.6253 21.4546 -0.0030999999 -0 5.9993997 0.25689998 -0.6662 1.9828 0.5248 -1.3287 1.6647999 0.5169 -1.3353 -7.0838 -11.478399 -1.8203 5.0304 9.372399 -8.8805 -163.9946 -73.1571 -17.809 -25.9016 55.659 17.9405 -25.939299 -7.2159996 0.65239996 12.8047 -7.7955 32.722298 -162.7733 73.589096 19.0539 -8.9516 -54.802 -32.9776 -31.804298 14.033999 -1.23 10.010099 2.5117 -11.5622
145.194 92.00101 169.927 91.1496 -0.60319996 -4.2007 178.54219 -0.336 162.4979 -11.9368 2.1173 -10.055699 79.772896 5.7145 -5.033 21.4546 0.0030999999 0 174.0921 -1.1093999 171.6706 -16.1222 -4.5394 3.1317 79.6136 -0.4815 6.6488 21.4546 -0.0030999999 -0 5.9992 0.259 -0.6645 1.9826 0.5288 -1.3284 1.6646 0.52099997 -1.3353 -7.0758 -11.2933 -1.7053 5.1403 9.1282 -8.6292 -163.9744 -73.125 -17.83 -25.8659 55.652798 17.9593 -25.9252 -7.2033 0.6515 12.8104 -7.7969 32.7225 -162.76219 73.5712 19.0655 -8.9433 -54.7809 -33.0037 -31.747799 14.015699 -1.2277 9.9896 2.5541 -11.4772
145.195 91.995 169.932 91.1326 -0.5918 -4.1828 178.55919 -0.3287 162.46689 -11.933499 2.1088998 -10.0245 79.7765 5.6959 -5.021 21.4546 0.0030999999 -0 174.07759 -1.1094999 171.6969 -16.192 -4.5685997 3.1295 79.6541 -0.47619998 6.6703997 21.4546 -0.0030999999 -0 5.9964 0.2619 -0.663 1.977 0.5347 -1.3291 1.6588999 0.5269 -1.3356999 -7.0712 -11.0408 -1.5473 5.3022 8.8011 -8.2869 -163.96939 -73.0981 -17.8353 -25.8105 55.6504 17.9677 -25.8933 -7.1871996 0.65 12.8152 -7.7925997 32.7346 -162.7623 73.5516 19.0656 -8.9302 -54.7621 -33.0402 -31.6957 13.999499 -1.2255 9.953 2.6385 -11.3533
145.194 91.990005 169.93301 91.1202 -0.58529997 -4.1644 178.573 -0.33179998 162.4126 -11.9318 2.1002 -9.979199 79.7821 5.6678 -5.0078998 21.4546 0.0030999999 -0 174.06839 -1.1134 171.6921 -16.2467 -4.5836997 3.1448 79.687 -0.48369998 6.6888 21.4546 -0.0030999999 -0 5.9905996 0.2661 -0.6615 1.9652 0.543 -1.3302 1.6472 0.5352 -1.3363 -7.0754 -10.7204 -1.3323 5.5236998 8.3954 -7.8423996 -163.9719 -73.0777 -17.8328 -25.7424 55.6531 17.9786 -25.8399 -7.1682997 0.6479 12.8179 -7.7766 32.7553 -162.7664 73.5328 19.061699 -8.9235 -54.7478 -33.0743 -31.645498 13.984699 -1.2235999 9.907 2.7491999 -11.2078
145.19301 91.98601 169.93102 91.114 -0.5821 -4.1485 178.5788 -0.34109998 162.34909 -11.934999 2.0945 -9.9302 79.7896 5.6363997 -4.9979997 21.4546 0.0030999999 0 174.0594 -1.1201999 171.6669 -16.2895 -4.5888 3.1699 79.7128 -0.4989 6.7033997 21.4546 -0.0030999999 -0 5.9817 0.2716 -0.6604 1.9475 0.55399996 -1.3313999 1.6294999 0.54609996 -1.3368 -7.0902996 -10.3467 -1.0519 5.8013997 7.9309998 -7.3002996 -163.97049 -73.0623 -17.8344 -25.6745 55.6581 18.0087 -25.759699 -7.1471996 0.64519995 12.8201 -7.7448997 32.771698 -162.765 73.516 19.0632 -8.9344 -54.738 -33.087997 -31.5977 13.970099 -1.2218 9.863 2.8602998 -11.0743
145.19301 91.983 169.92601 91.113 -0.5798 -4.138 178.5761 -0.3511 162.2858 -11.9442 2.0946999 -9.8856 79.7986 5.6066 -4.9947 21.4546 0.0030999999 0 174.04689 -1.1287 171.6322 -16.3268 -4.5892997 3.1966999 79.7345 -0.5161 6.7142997 21.4546 -0.0030999999 -0 5.9705997 0.278 -0.6594 1.9252 0.5665 -1.3321999 1.6071999 0.5586 -1.3368 -7.1074996 -9.9428 -0.7176 6.1108 7.4329996 -6.6895 -163.9755 -73.0493 -17.8294 -25.6188 55.659 18.0647 -25.6489 -7.1242 0.64199996 12.8263 -7.6984997 32.7746 -162.7479 73.4975 19.0809 -8.9646 -54.728897 -33.0745 -31.5584 13.9572 -1.2203 9.8316 2.9487998 -10.9744
145.19301 91.979004 169.919 91.1146 -0.5757 -4.1363 178.56749 -0.3566 162.22949 -11.9588995 2.103 -9.8516 79.8086 5.5818 -5.0003 21.4546 0.0030999999 0 174.0289 -1.1373999 171.5981 -16.3659 -4.5908 3.2177 79.7556 -0.5299 6.7219 21.4546 -0.0030999999 -0 5.9584 0.28419998 -0.6584 1.9006 0.579 -1.3324 1.5826 0.5711 -1.3362 -7.1152 -9.5364 -0.3513 6.4188 6.9284997 -6.0502996 -164.0036 -73.0357 -17.8006 -25.583399 55.648598 18.1451 -25.507399 -7.0997996 0.6382 12.8421 -7.6426997 32.7588 -162.7105 73.4728 19.1196 -9.01 -54.716 -33.0354 -31.5353 13.949699 -1.2192 9.820399 2.9972 -10.9183
145.194 91.975006 169.91 91.115295 -0.5689 -4.1457 178.55829 -0.3568 162.1845 -11.9772 2.1169 -9.8317995 79.819496 5.5646996 -5.0151 21.4546 0.0030999999 -0 174.00659 -1.1467 171.5681 -16.411999 -4.5959 3.2299 79.7791 -0.53859997 6.7258 21.4546 -0.0030999999 -0 5.9463997 0.29 -0.6576 1.8765 0.59029996 -1.3312 1.5584999 0.58239996 -1.3347 -7.1078997 -9.1536 0.0252 6.6998997 6.4399 -5.4203997 -164.04599 -73.016 -17.757 -25.5639 55.6243 18.2348 -25.348799 -7.0751 0.63409996 12.873199 -7.5906 32.729 -162.67839 73.4448 19.1527 -9.0601 -54.700397 -32.9852 -31.533499 13.9529 -1.2192 9.823999 3.007 -10.8937
145.19301 91.971 169.89801 91.1119 -0.5595 -4.1675 178.5541 -0.3534 162.155 -11.9973 2.1313999 -9.8293 79.8313 5.5576 -5.038 21.4546 0.0030999999 -0 173.9823 -1.1575 171.5436 -16.4677 -4.6061997 3.2319999 79.8067 -0.5413 6.7256 21.4546 -0.0030999999 -0 5.9358997 0.29479998 -0.6568 1.8555 0.5997 -1.3281 1.5374999 0.5919 -1.3316 -7.0860996 -8.809299 0.3936 6.9384 5.9789996 -4.8258 -164.08969 -72.9864 -17.7123 -25.550098 55.5863 18.3153 -25.1918 -7.052 0.63 12.9211 -7.5539 32.6935 -162.67279 73.4173 19.158699 -9.1073 -54.685898 -32.938698 -31.554298 13.970699 -1.2207999 9.8321 2.9896998 -10.8838
145.19101 91.965004 169.882 91.103195 -0.5487 -4.2014 178.5577 -0.35079998 162.1476 -12.0187 2.1396 -9.846499 79.844894 5.5628 -5.0676 21.4546 0.0030999999 -0 173.9581 -1.1723 171.5246 -16.532299 -4.6225 3.2222998 79.839 -0.537 6.7208 21.4546 -0.0030999999 -0 5.9279 0.2983 -0.6562 1.8395 0.6067 -1.3231 1.5215 0.59889996 -1.3267 -7.06 -8.4908 0.74369997 7.1361 5.533 -4.2672 -164.12889 -72.9488 -17.6723 -25.5273 55.538998 18.3689 -25.0569 -7.0327997 0.6271 12.975599 -7.5364 32.663 -162.6814 73.3911 19.1502 -9.1559 -54.6784 -32.9022 -31.592499 14.0014 -1.2235999 9.830999 2.9671 -10.878099
145.188 91.95901 169.86201 91.0894 -0.5378 -4.2458 178.5699 -0.35209998 162.1648 -12.0407 2.1374 -9.8839 79.8601 5.5811996 -5.1014 21.4546 0.0030999999 -0 173.93579 -1.1915 171.5093 -16.6027 -4.6425 3.2029998 79.874596 -0.5273 6.7111998 21.4546 -0.0030999999 -0 5.9228 0.30069998 -0.65569997 1.8291999 0.6113 -1.3167 1.5112 0.6035 -1.3204 -7.0397997 -8.1746 1.0762 7.3012 5.0797 -3.7289 -164.1586 -72.9059 -17.642 -25.4839 55.4885 18.3886 -24.959 -7.0204 0.6257 13.0222 -7.5344996 32.6499 -162.6908 73.367195 19.1407 -9.2105 -54.6814 -32.874397 -31.6432 14.0406 -1.2271 9.8138 2.9566998 -10.8698
145.18301 91.952 169.83801 91.0721 -0.5273 -4.2981997 178.5887 -0.3574 162.2029 -12.0623 2.1252 -9.939199 79.8758 5.6120996 -5.1359997 21.4546 0.0030999999 0 173.9167 -1.2121999 171.49289 -16.6731 -4.6605997 3.1812 79.9104 -0.51699996 6.6969 21.4546 -0.0030999999 -0 5.9200997 0.3023 -0.6554 1.8238 0.61439997 -1.3105999 1.5058 0.6066 -1.3143 -7.033 -7.8293 1.4052 7.4460998 4.5892 -3.1773 -164.1736 -72.8601 -17.6269 -25.4144 55.4414 18.383999 -24.9033 -7.0178 0.625 13.0435 -7.5365996 32.667297 -162.6953 73.3473 19.1364 -9.2734995 -54.6946 -32.846 -31.7029 14.080999 -1.231 9.7843 2.9677 -10.8564
145.177 91.94601 169.811 91.0526 -0.51739997 -4.3543997 178.6135 -0.3642 162.25679 -12.08 2.1071 -10.007 79.8892 5.652 -5.1695 21.4546 0.0030999999 0 173.9029 -1.2314999 171.4744 -16.7374 -4.6724 3.1603 79.9434 -0.5085 6.6777997 21.4546 -0.0030999999 -0 5.9193 0.3038 -0.6552 1.8219999 0.6174 -1.3061999 1.504 0.6096 -1.3098999 -7.0397997 -7.4349 1.7469 7.5783997 4.0425997 -2.585 -164.1837 -72.8114 -17.6168 -25.317999 55.3998 18.3746 -24.8864 -7.0238 0.6245 13.0344 -7.5399 32.7137 -162.70279 73.3332 19.1288 -9.3384 -54.7122 -32.8112 -31.7734 14.118099 -1.2348 9.7511 2.9963999 -10.8362
145.169 91.942 169.783 91.031494 -0.50769997 -4.4082 178.6445 -0.36859998 162.32129 -12.088799 2.0888 -10.0796995 79.8964 5.6955 -5.2014 21.4546 0.0030999999 0 173.8974 -1.2464 171.45659 -16.789299 -4.6755 3.1408 79.971695 -0.5021 6.6534 21.4546 -0.0030999999 -0 5.9195 0.30609998 -0.6551 1.8223 0.622 -1.3048999 1.5043 0.6142 -1.3086 -7.0534 -6.9852996 2.1169 7.7002997 3.4343 -1.9332999 -164.21019 -72.7578 -17.5899 -25.1985 55.361397 18.385399 -24.898699 -7.0334997 0.6245 13.0014 -7.5487 32.774097 -162.7314 73.3267 19.0994 -9.3914995 -54.725 -32.7695 -31.8608 14.1503 -1.2386999 9.7246 3.0298998 -10.809199
145.16 91.94 169.753 91.008995 -0.49839997 -4.4512997 178.68239 -0.3708 162.402 -12.0843 2.0726 -10.1537 79.894196 5.7401 -5.2311997 21.4546 0.0030999999 0 173.905 -1.2558 171.44159 -16.8214 -4.6693997 3.1253998 79.9925 -0.4996 6.6246 21.4546 -0.0030999999 -0 5.9203 0.3102 -0.6561 1.8235999 0.6303 -1.3074 1.5055 0.6225 -1.3112 -7.0657997 -6.4990997 2.521 7.8122997 2.7809 -1.2279 -164.2694 -72.6994 -17.5294 -25.0668 55.3257 18.4273 -24.9301 -7.0414996 0.6247 12.956599 -7.5604 32.8252 -162.7867 73.328995 19.0427 -9.4215 -54.7259 -32.7276 -31.970499 14.1782 -1.2428 9.7028 3.0658 -10.785
145.14801 91.94 169.723 90.985695 -0.4901 -4.4742 178.7269 -0.3724 162.5096 -12.0647 2.0585 -10.2279 79.8804 5.785 -5.2585 21.4546 0.0030999999 -0 173.9306 -1.2599 171.43129 -16.8261 -4.6545997 3.1185 80.0031 -0.5033 6.5931 21.4546 -0.0030999999 -0 5.9213 0.3171 -0.65959996 1.8251 0.6441 -1.3145 1.5071 0.63629997 -1.3183 -7.0695 -6.0070996 2.9573998 7.9147997 2.1109 -0.4892 -164.3698 -72.6379 -17.4264 -24.937199 55.292797 18.4998 -24.972 -7.0429997 0.6253 12.914499 -7.5697 32.8427 -162.86389 73.3397 18.9632 -9.421 -54.710197 -32.6951 -32.1054 14.2039995 -1.2472 9.6769 3.1107 -10.7768
145.13501 91.943 169.692 90.9629 -0.48319998 -4.4677997 178.7737 -0.37379998 162.6539 -12.0334 2.0428 -10.304 79.8567 5.832 -5.2818 21.4546 0.0030999999 -0 173.9765 -1.2594 171.4251 -16.798399 -4.6319 3.126 80.0032 -0.5168 6.5611997 21.4546 -0.0030999999 -0 5.922 0.32709998 -0.6656 1.8263999 0.6642 -1.3261 1.5084 0.6563 -1.3300999 -7.0614 -5.5422997 3.4139 8.0072 1.4552 0.2514 -164.50189 -72.5777 -17.2908 -24.8244 55.2655 18.5857 -25.0225 -7.0372 0.6259 12.8903 -7.5737 32.815 -162.942 73.353294 18.8829 -9.396999 -54.677998 -32.678898 -32.258 14.230599 -1.2522 9.633699 3.187 -10.7928
145.12001 91.949005 169.65901 90.9434 -0.4779 -4.4248 178.81659 -0.3748 162.83589 -11.9962 2.0228999 -10.3796 79.8258 5.8799 -5.2991 21.4546 0.0030999999 -0 174.0419 -1.2547 171.4224 -16.736599 -4.6017 3.1525998 79.993 -0.543 6.5309 21.4546 -0.0030999999 -0 5.922 0.34019998 -0.6734 1.8267 0.69049996 -1.3414999 1.5087 0.68259996 -1.3457 -7.04 -5.1310997 3.8744998 8.0872 0.8393 0.96339995 -164.6528 -72.523994 -17.1358 -24.74 55.2472 18.664799 -25.0823 -7.0267997 0.62659997 12.8914995 -7.5692 32.7426 -162.9968 73.3638 18.8265 -9.3607 -54.6321 -32.681297 -32.4157 14.262099 -1.2574999 9.5647 3.3158998 -10.8324995
145.106 91.957 169.628 90.9312 -0.47329998 -4.3426 178.847 -0.37539998 163.0344 -11.9592 2.0009 -10.441299 79.7914 5.9203 -5.3072 21.4546 0.0030999999 0 174.11899 -1.2447 171.4229 -16.6464 -4.5634 3.1996999 79.9742 -0.5826 6.5034 21.4546 -0.0030999999 -0 5.9207997 0.3558 -0.68189996 1.8247 0.72179997 -1.3584 1.5066999 0.7137 -1.3628 -7.0031 -4.7827 4.3216 8.1458 0.27519998 1.625 -164.8141 -72.4825 -16.9701 -24.6887 55.2416 18.720499 -25.1535 -7.0200996 0.6275 12.907499 -7.5512 32.6474 -163.0081 73.3659 18.8148 -9.3251 -54.5789 -32.6958 -32.561398 14.3027 -1.2631999 9.474899 3.5047998 -10.877299
145.09401 91.966 169.59901 90.929794 -0.46769997 -4.2233 178.85829 -0.3759 163.2179 -11.9272995 1.9819 -10.4725 79.7567 5.9423 -5.3039 21.4546 0.0030999999 0 174.1977 -1.2282 171.43 -16.5387 -4.5183997 3.2644 79.9504 -0.63339996 6.4797997 21.4546 -0.0030999999 -0 5.9182 0.3728 -0.68979996 1.8191999 0.75589997 -1.3738999 1.5012 0.7478 -1.3785 -6.9516997 -4.4962997 4.7416 8.177199 -0.2314 2.2238 -164.9784 -72.4535 -16.8011 -24.671 55.2482 18.7453 -25.2375 -7.0242 0.629 12.9246 -7.5221 32.553497 -162.9746 73.3599 18.8493 -9.2967 -54.524998 -32.7086 -32.683598 14.3518 -1.2689999 9.3756 3.7436 -10.9121
145.084 91.976006 169.57301 90.9406 -0.4583 -4.0743 178.8467 -0.3771 163.34639 -11.9032 1.9741999 -10.4555 79.7241 5.9337 -5.2883 21.4546 0.0030999999 -0 174.2661 -1.2041999 171.4512 -16.4301 -4.4716997 3.3379 79.928 -0.6896 6.4605 21.4546 -0.0030999999 -0 5.9138 0.3899 -0.6956 1.81 0.79029995 -1.3852 1.492 0.782 -1.3899 -6.8901997 -4.2595997 5.1261997 8.1812 -0.68039995 2.7586 -165.1389 -72.4304 -16.636 -24.6828 55.2603 18.7431 -25.3345 -7.0431 0.6317 12.929899 -7.4937997 32.4836 -162.9198 73.3528 18.9056 -9.2725 -54.4753 -32.6988 -32.7793 14.401199 -1.2743 9.283 4.0021 -10.9296
145.078 91.985 169.55101 90.9622 -0.44329998 -3.9039998 178.8136 -0.3771 163.4019 -11.887799 1.9807999 -10.385099 79.6951 5.8908 -5.2609997 21.4546 0.0030999999 -0 174.3172 -1.1731 171.4912 -16.3345 -4.4283 3.4134998 79.9127 -0.74619997 6.4463 21.4546 -0.0030999999 -0 5.908 0.4059 -0.6983 1.7981 0.8222 -1.3906 1.4800999 0.8139 -1.3955 -6.8272 -4.0568 5.4712 8.165 -1.0752 3.2331998 -165.2836 -72.4079 -16.4872 -24.719599 55.2726 18.7178 -25.445599 -7.0758996 0.6356 12.9206 -7.4747 32.4449 -162.8692 73.348495 18.957699 -9.2542 -54.4293 -32.6637 -32.8447 14.4436 -1.2784 9.2037 4.2560997 -10.9263
145.07501 91.993004 169.53401 90.9908 -0.421 -3.721 178.7645 -0.3721 163.3843 -11.880899 2.0003 -10.2661 79.6706 5.8164997 -5.2237997 21.4546 0.0030999999 -0 174.34819 -1.1366999 171.55179 -16.263899 -4.3937 3.4859 79.9089 -0.7995 6.4379997 21.4546 -0.0030999999 -0 5.9017997 0.41939998 -0.6979 1.7856 0.84919995 -1.3894 1.4675 0.8409 -1.3945 -6.7736998 -3.8693 5.7746997 8.1414995 -1.4218 3.655 -165.3967 -72.382095 -16.3709 -24.776299 55.2804 18.673199 -25.5732 -7.1179 0.6404 12.901799 -7.4701 32.432697 -162.84819 73.3483 18.9792 -9.2476 -54.3817 -32.6149 -32.8751 14.4718 -1.2804999 9.135799 4.4876 -10.901
145.074 91.99901 169.51901 91.022194 -0.39029998 -3.5335999 178.7047 -0.3581 163.29399 -11.8821 2.0311 -10.103499 79.651596 5.7139 -5.1784997 21.4546 0.0030999999 -0 174.3564 -1.0967 171.63469 -16.230299 -4.3733 3.5496 79.921196 -0.84559995 6.4364 21.4546 -0.0030999999 -0 5.8963 0.4292 -0.6938 1.7745999 0.86859995 -1.3813 1.4566 0.86039996 -1.3865 -6.7408 -3.6787999 6.035 8.1233 -1.7263999 4.0313 -165.4623 -72.3492 -16.3035 -24.8477 55.2794 18.6131 -25.7195 -7.1642 0.6457 12.8791 -7.4851 32.4418 -162.8828 73.353096 18.9436 -9.2585 -54.3271 -32.5647 -32.8657 14.4789 -1.2796999 9.0773 4.679 -10.8525
